{"noiseKey":{"private":{"type":"Buffer","data":"kN2DPzXo5Jc2HUcASayiHYy8qbn3+CVIX+VvZ2xsaXc="},"public":{"type":"Buffer","data":"0ejWqkvPv25FTwIUURpOisb07XvVuiSewscrc8Y8oz8="}},"pairingEphemeralKeyPair":{"private":{"type":"Buffer","data":"GM2Dp/Lu++mSYlhQT0OlxIJ/8AtBVXsK83C4busttn0="},"public":{"type":"Buffer","data":"lZpHl+reKA8HCaUABNZFTvkK7Rsc/1AvZIwdk++8LWE="}},"signedIdentityKey":{"private":{"type":"Buffer","data":"UMAV7UUmrGTVMiBaqmm8HRbC4cD9I+prWPskTJk54mU="},"public":{"type":"Buffer","data":"j1uIVPfufZGeFlIsZSU9uwY+Heqv8J+wSHnEHS8DFmo="}},"signedPreKey":{"keyPair":{"private":{"type":"Buffer","data":"wCS3YPeCqMaJHo7dQXIPo+wWLbn/2bLFc/YskD13710="},"public":{"type":"Buffer","data":"o60y8X0yEpXHd7+6KDFcA9iJ+JrgEY7OUHE4uYLxJRw="}},"signature":{"type":"Buffer","data":"OINQ5RvSfMHvK+pfJX2shH4+ed4GdMRm2EAPOaPyZ49/njXzDuCr+6TVmhjKpID5NWNktKxtrBLChOObAjAfgg=="},"keyId":1},"registrationId":38,"advSecretKey":"D4zdqaMZLuXHF5+zs1d3gz9rArqtVbEXsMpGltWX1nk=","processedHistoryMessages":[{"key":{"remoteJid":"6283852012681@s.whatsapp.net","fromMe":true,"id":"FC07C1C55674E2BA58582592F6FC5E89"},"messageTimestamp":1735880163},{"key":{"remoteJid":"6283852012681@s.whatsapp.net","fromMe":true,"id":"F4BA277C28EB2DBDCF77FBBF9B1A61DD"},"messageTimestamp":1735880164},{"key":{"remoteJid":"6283852012681@s.whatsapp.net","fromMe":true,"id":"A902C1B343A39CBD45B0017B1E633C8A"},"messageTimestamp":1736125969},{"key":{"remoteJid":"6283852012681@s.whatsapp.net","fromMe":true,"id":"46F019B7E001BDD8BF181D2A5C7F2F08"},"messageTimestamp":1736125971}],"nextPreKeyId":2656,"firstUnuploadedPreKeyId":2656,"accountSyncCounter":1,"accountSettings":{"unarchiveChats":false},"deviceId":"y6L3l-OxRx6wVwsdev7DiA","phoneId":"9501d43d-5203-4dd9-bbe8-cc1f500072e3","identityId":{"type":"Buffer","data":"Tn+QnsS10Xp0MnvHeM8ZeAGrC/A="},"registered":true,"backupToken":{"type":"Buffer","data":"lpJGUzpoPXSg+Y34AeYA7Zmj9lc="},"registration":{},"pairingCode":"ZNF7MXTD","me":{"id":"6283852012681:44@s.whatsapp.net","name":"Qo Botz MD*Free","jid":"6283852012681@s.whatsapp.net","lid":"115822903169199:44@lid"},"account":{"details":"CM7UztsDENPb3bsGGAEgACgA","accountSignatureKey":"B4yxcxzoh1RyXJPatSJo+UsAkxjNtnPwh/RHdVvvl0Q=","accountSignature":"5ol9YQz9qxNpaOhMcQYlls6m+3JCIloFcc0Z+urYPZnoGm9XstfUlgX/T2v5QLNkMzKQ52IoPhL6l9jevmnKBw==","deviceSignature":"w/GA0yi7Xg72kkXVUbxLBBCcwoSuUKGWS/1wSLnJr13IElwR3O2QyPRZTAGwvztrCjR/fiiOSW0IB7jUqJQ+hg=="},"signalIdentities":[{"identifier":{"name":"6283852012681:44@s.whatsapp.net","deviceId":0},"identifierKey":{"type":"Buffer","data":"BQeMsXMc6IdUclyT2rUiaPlLAJMYzbZz8If0R3Vb75dE"}}],"platform":"smba","lastAccountSyncTimestamp":1738571487,"myAppStateKeyId":"AAAAABLl","routingInfo":{"type":"Buffer","data":"CAkIDQ=="},"lastPropHash":"1K4hH4"}