[{"senderKeyId":853574785,"senderChainKey":{"iteration":16,"seed":"8lgMfmBueMIxAWwngOU/aJANpdAfovc4llWIakSfMOw="},"senderSigningKey":{"public":"BTYijO99G6RjU58iC4S7bttmfiBJa2BEfRVE2RKA/9In"}},{"senderKeyId":853574785,"senderChainKey":{"iteration":16,"seed":"8lgMfmBueMIxAWwngOU/aJANpdAfovc4llWIakSfMOw="},"senderSigningKey":{"public":"BTYijO99G6RjU58iC4S7bttmfiBJa2BEfRVE2RKA/9In"}},{"senderKeyId":853574785,"senderChainKey":{"iteration":16,"seed":"8lgMfmBueMIxAWwngOU/aJANpdAfovc4llWIakSfMOw="},"senderSigningKey":{"public":"BTYijO99G6RjU58iC4S7bttmfiBJa2BEfRVE2RKA/9In"}},{"senderKeyId":853574785,"senderChainKey":{"iteration":16,"seed":"8lgMfmBueMIxAWwngOU/aJANpdAfovc4llWIakSfMOw="},"senderSigningKey":{"public":"BTYijO99G6RjU58iC4S7bttmfiBJa2BEfRVE2RKA/9In"}},{"senderKeyId":853574785,"senderChainKey":{"iteration":16,"seed":"8lgMfmBueMIxAWwngOU/aJANpdAfovc4llWIakSfMOw="},"senderSigningKey":{"public":"BTYijO99G6RjU58iC4S7bttmfiBJa2BEfRVE2RKA/9In"}}]