[{"senderKeyId":1370743985,"senderChainKey":{"iteration":0,"seed":"EFBqHvO1OSQoanebrcpQBwctHJgT0uQBAqLtCOtoKyI="},"senderSigningKey":{"public":"BZlfMl7jeJ4CP20U6X9jdvfZaZpthCsIaXpkHtHL9NlC"},"senderMessageKeys":[]},{"senderKeyId":2075673708,"senderChainKey":{"iteration":11,"seed":"v9IFRzmNx5stAAGuZ1sWvTlWHlXyNStxOOMP4vKEisY="},"senderSigningKey":{"public":"BS8shITapfCighORc6oPZfQw8Wiu0AQO1BKTTw5sIX48"},"senderMessageKeys":[]},{"senderKeyId":2075673708,"senderChainKey":{"iteration":10,"seed":"IG3C4lqR90q+IZAY5Go+A5GjU1fwBLvL3bC//Z1DieY="},"senderSigningKey":{"public":"BS8shITapfCighORc6oPZfQw8Wiu0AQO1BKTTw5sIX48"},"senderMessageKeys":[]},{"senderKeyId":2075673708,"senderChainKey":{"iteration":10,"seed":"IG3C4lqR90q+IZAY5Go+A5GjU1fwBLvL3bC//Z1DieY="},"senderSigningKey":{"public":"BS8shITapfCighORc6oPZfQw8Wiu0AQO1BKTTw5sIX48"},"senderMessageKeys":[]}]