[{"senderKeyId":949282382,"senderChainKey":{"iteration":7,"seed":"9lV6vBpM4LPfwQST17EcJg/219LPWsTKjGT5EwxSW2o="},"senderSigningKey":{"public":"BTwzjT+wnjuOjo7lW/arVOjWkRBp25/fdG0vVehlCdQM"},"senderMessageKeys":[{"iteration":1,"seed":"Zc1bwNRUmyI35+Vf0kRygAV2Gp4AeIq8RWlglZscISI="},{"iteration":3,"seed":"4HbVOGPK9Hfp/KWXomMZOijFMtT5PBNTs8rQvvXjI/s="},{"iteration":5,"seed":"cxVolRmp6OpB+FH94QNq1SjiIuCAary1jXYPvV26CqI="}]},{"senderKeyId":949282382,"senderChainKey":{"iteration":1,"seed":"FTLv+ghLUohpaKZ7f6DQNMLd5jvdvXuvcY/kEi2l+ps="},"senderSigningKey":{"public":"BTwzjT+wnjuOjo7lW/arVOjWkRBp25/fdG0vVehlCdQM"},"senderMessageKeys":[]},{"senderKeyId":1012847390,"senderChainKey":{"iteration":17,"seed":"7VeuPR5ggQY2GCPzUQSBwGS3QwpNUUkm/R7OfE2oLIQ="},"senderSigningKey":{"public":"Bb3y6t1Wk6O4Nsexv/kgzjjdLxLEHKsEdkvL9fzvKKx7"},"senderMessageKeys":[{"iteration":1,"seed":"kmvZPW6wWVuGNoEnFEn+fAnT4Zafg+f5BwNz/zdre6I="},{"iteration":3,"seed":"M5TwFgwj4IjwrOdv7deAj8BhNKPlVWI5LTHPGVaGG0M="},{"iteration":5,"seed":"Q2MTgrULE6Hy3Q/dEBJX5lzr+z78RGmpRi1rIls3mNY="},{"iteration":7,"seed":"igos4w/mPGolMvReHVEle/rQgvRu/zjocETO9v9xF1Q="},{"iteration":9,"seed":"uOY0UbGVXqZ1/y9ZxdS6EtYHfOcyqgHrWo9Hi9oawL0="},{"iteration":11,"seed":"3tgg+Wicub4xDR0N5y2+xht37kZc3xnYOoyWFSNGRqk="},{"iteration":13,"seed":"YMX1CeeHQQoIvIiQmbC9IP8QpcyZE67gYiJanK/N3G0="},{"iteration":15,"seed":"JPcE68kjDCD6niRr7XZddKWQRE8jKNzpVTCq3JMHs+I="}]},{"senderKeyId":1005467180,"senderChainKey":{"iteration":3,"seed":"wbAd2e8qF1UkAEyrJhijXmKCLOTcZB5B2A3SNmb8wxc="},"senderSigningKey":{"public":"BfTsAGjgJLFllDnrp9uRJKQAngvndVCES4sE/WzlUqNB"},"senderMessageKeys":[{}]},{"senderKeyId":1005467180,"senderChainKey":{"iteration":1,"seed":"Xte2g+ruTaDEo5qrllorQGx0cHVcR40itFxbzHK32pQ="},"senderSigningKey":{"public":"BfTsAGjgJLFllDnrp9uRJKQAngvndVCES4sE/WzlUqNB"}}]