[{"senderKeyId":24170861,"senderChainKey":{"iteration":90,"seed":"vqmcouMnRxQR3q77IdUp5Kn9mo0uF2QLubdffulkrNg="},"senderSigningKey":{"public":"BULrlaVfudb6sQvyLGscCHPUTCfKDFF6UY/ftnAmwu5g"},"senderMessageKeys":[]},{"senderKeyId":24170861,"senderChainKey":{"iteration":4,"seed":"GmwblZ/qcUgpHUTxd2QeXkRM3JBegR96MzvtP3i6nAk="},"senderSigningKey":{"public":"BULrlaVfudb6sQvyLGscCHPUTCfKDFF6UY/ftnAmwu5g"},"senderMessageKeys":[]},{"senderKeyId":24170861,"senderChainKey":{"iteration":4,"seed":"GmwblZ/qcUgpHUTxd2QeXkRM3JBegR96MzvtP3i6nAk="},"senderSigningKey":{"public":"BULrlaVfudb6sQvyLGscCHPUTCfKDFF6UY/ftnAmwu5g"},"senderMessageKeys":[]},{"senderKeyId":24170861,"senderChainKey":{"iteration":89,"seed":"hd1uDYRcH/6asgS0AjahfS2Ga5aO2jSLwnS/VV8Y3uE="},"senderSigningKey":{"public":"BULrlaVfudb6sQvyLGscCHPUTCfKDFF6UY/ftnAmwu5g"},"senderMessageKeys":[]},{"senderKeyId":1993511686,"senderChainKey":{"iteration":9,"seed":"sBtSVy/oivvWTuN7+ngi6L+EhAMg7wUiBhFeUA7hlDs="},"senderSigningKey":{"public":"BeBmboGv7b1+XQGS45PNss+0Taf7UGFz1H2CzAyqDdp2"},"senderMessageKeys":[]}]