[{"senderKeyId":1372497853,"senderChainKey":{"iteration":0,"seed":"XtIl1eV44D2HfkPmWrK/GLR1gGtMAWbYoD4o89o91BM="},"senderSigningKey":{"public":"BSHy75NXWF8K0Zehk8y3atODNewS2nd9AvyQW0nS8S5s"},"senderMessageKeys":[]},{"senderKeyId":1872045891,"senderChainKey":{"iteration":0,"seed":"Jtccx90RHQ84W+lk2+WEQdSLE4cxpJTWyYGyDvUsgJk="},"senderSigningKey":{"public":"Baciu6OdBRBcvvEOgZKSVcsHOX41PQJxw6ixh6dFecBG"},"senderMessageKeys":[]},{"senderKeyId":1113683852,"senderChainKey":{"iteration":1,"seed":"H7vX015qLU9xhfPAystMS2VPB9Ts+XcJecCxmIIER/8="},"senderSigningKey":{"public":"BduInnoGbQ3py/XJSNM7t+Un2A5EcpPLk7MWxgjjb50p"}}]