[{"senderKeyId":1797690615,"senderChainKey":{"iteration":0,"seed":"M61d9XvxclcV3FmTpPBfPkULrkA9Hdj20K17p2Y3zAs="},"senderSigningKey":{"public":"Bce4NY4Ql0gAc4UE+NIcgYAJB3qYlTZfkZqzlWacVusd"},"senderMessageKeys":[]},{"senderKeyId":1716991353,"senderChainKey":{"iteration":0,"seed":"6ale3osGGGB6GOMWOaI64NZe+/CyPNalYyk0abN45pI="},"senderSigningKey":{"public":"BblWOjd1KVQ/A0UwYnMiSUR4kXyBNG1QXaDhJtjgZfMG"},"senderMessageKeys":[]},{"senderKeyId":663729157,"senderChainKey":{"iteration":0,"seed":"Yh5IMKtDbPSFVI9H4+fJgHbHVHkMR2IL9fkB8PfZzSY="},"senderSigningKey":{"public":"Ba1yGhF/pNayTzpwru/tYaZ9so/rnZd2juAOG8yGIjpB"}}]