[{"senderKeyId":1334260695,"senderChainKey":{"iteration":1,"seed":"U5lrEBw8Y3c1+tKWkZO4mdQ9fAhJBHFd3VnHTv2lF/Q="},"senderSigningKey":{"public":"BVkSD4MFTh5Kt3HUasG1ysEmmLjfAkvscCT7WKc++oVg"},"senderMessageKeys":[]},{"senderKeyId":2105760095,"senderChainKey":{"iteration":0,"seed":"M3itZuInn37QUlqvI4avIlnU4o9wl9ok/fEZPy9BYTM="},"senderSigningKey":{"public":"BRTZ8lxb1eVW4X/tVle5S4IZbVYC26s7Fg4koFJoizBv"},"senderMessageKeys":[]},{"senderKeyId":1770387579,"senderChainKey":{"iteration":0,"seed":"G3yLzskwlo9Tkt5jNYgK12Z54uEerGBFowCxABjQbQc="},"senderSigningKey":{"public":"BcE7wLpsGkdky0iQSiW8I0vtS/xXmi9e4MX1i3ZvFbBy"}}]