[{"senderKeyId":592705531,"senderChainKey":{"iteration":14,"seed":"M0jPqzU5oAuD6yDhsPu3hfVVC6l2YacLvsu1EkDKv5o="},"senderSigningKey":{"public":"BToJ+3ZYhf8Rvo9VJJW6kuCmiqEDlHgsqJi4Z/F1MHUU"},"senderMessageKeys":[]},{"senderKeyId":592705531,"senderChainKey":{"iteration":14,"seed":"M0jPqzU5oAuD6yDhsPu3hfVVC6l2YacLvsu1EkDKv5o="},"senderSigningKey":{"public":"BToJ+3ZYhf8Rvo9VJJW6kuCmiqEDlHgsqJi4Z/F1MHUU"},"senderMessageKeys":[]},{"senderKeyId":592705531,"senderChainKey":{"iteration":14,"seed":"M0jPqzU5oAuD6yDhsPu3hfVVC6l2YacLvsu1EkDKv5o="},"senderSigningKey":{"public":"BToJ+3ZYhf8Rvo9VJJW6kuCmiqEDlHgsqJi4Z/F1MHUU"},"senderMessageKeys":[]},{"senderKeyId":592705531,"senderChainKey":{"iteration":14,"seed":"M0jPqzU5oAuD6yDhsPu3hfVVC6l2YacLvsu1EkDKv5o="},"senderSigningKey":{"public":"BToJ+3ZYhf8Rvo9VJJW6kuCmiqEDlHgsqJi4Z/F1MHUU"},"senderMessageKeys":[]},{"senderKeyId":37091423,"senderChainKey":{"iteration":11,"seed":"YffDmfXXHPiqoUzUWZOrKslPuHGh9moARKTOY9aSQbw="},"senderSigningKey":{"public":"BRtnCJU2lSs35IRGnutT1yMYsN3S73rqrHR0khdG1px1"}}]