{"_sessions":{"BWmUjOaDMBBeE9UIavzZlcFCVLheJ4GYKKYjPY7VLGUy":{"registrationId":2100908322,"currentRatchet":{"ephemeralKeyPair":{"pubKey":"BYQbOcK6hlZwI91P6pHlC6zyiYXh+yammJYOBJVhL7gd","privKey":"aGoce8lQkMjrXF3JGbluS9XGGfnx7qYXe5H+Z6tbOmo="},"lastRemoteEphemeralKey":"BZoRX9AN5LEH+94yNPCOIMpX+lXVTtNfjqu5Gwe4m54b","previousCounter":0,"rootKey":"ySG3BMUvJmOJf5ILVpXlhf+HMeERuxncVd33HfAJeJU="},"indexInfo":{"baseKey":"BWmUjOaDMBBeE9UIavzZlcFCVLheJ4GYKKYjPY7VLGUy","baseKeyType":1,"closed":-1,"used":1738571497531,"created":1738501652022,"remoteIdentityKey":"Bcnx1mDQwxzCD602wXKpFMIWsFDhOhn628xTogrSWeRW"},"_chains":{"BZoRX9AN5LEH+94yNPCOIMpX+lXVTtNfjqu5Gwe4m54b":{"chainKey":{"counter":0,"key":"GVBFUZNZVGB+2O8k8tgDrwDfCk0X2DN2z3WZ3SW8rJk="},"chainType":2,"messageKeys":{}},"BYQbOcK6hlZwI91P6pHlC6zyiYXh+yammJYOBJVhL7gd":{"chainKey":{"counter":-1,"key":"5g7C+ovxaKbC8PJo43Bku/JpSoLm33lRvqojbx1ly1w="},"chainType":1,"messageKeys":{}}}}},"version":"v1"}