{"_sessions":{"BUOvqJlVXJdr/s9sTgm+H11shglavCeS9sEOlK2sXHFI":{"registrationId":3635,"currentRatchet":{"ephemeralKeyPair":{"pubKey":"BcWDmSJ2y55v1a1Gz+hyatzVuMHndNJYrNCwc5CWgwVz","privKey":"KOlWf5/QKTicpjSLdm3vz1mSaP6i9b/KEAQ5vKNfrlk="},"lastRemoteEphemeralKey":"BYsFz6ToLmTJG5LK685oxdBessXBwkodiEzOExoYkbxX","previousCounter":0,"rootKey":"XktfLqWnil0jwt9Z6pe7vmMbSqTWNldAFmYmnjeuyTg="},"indexInfo":{"baseKey":"BUOvqJlVXJdr/s9sTgm+H11shglavCeS9sEOlK2sXHFI","baseKeyType":1,"closed":-1,"used":1738501651809,"created":1738501651809,"remoteIdentityKey":"BQWYVJh4KUxLjwArj1qywqhHNYOtvH5Riv3TClEnSAdj"},"_chains":{"BcWDmSJ2y55v1a1Gz+hyatzVuMHndNJYrNCwc5CWgwVz":{"chainKey":{"counter":0,"key":"uJQBjDjbPOR4KD/VB+t/t4clGAbVWawTFQMjQ6wfKtI="},"chainType":1,"messageKeys":{}}},"pendingPreKey":{"signedKeyId":1,"baseKey":"BUOvqJlVXJdr/s9sTgm+H11shglavCeS9sEOlK2sXHFI"}}},"version":"v1"}