{"_sessions":{"BQFqrKk/5lL2kmJl0xdIn8gce10Djn+ihiYFxY73vIVl":{"registrationId":1033888020,"currentRatchet":{"ephemeralKeyPair":{"pubKey":"BUGYNzOfOUh6xSBvLzXCJ4e0leRS/0mGkPhmEEp4AB9h","privKey":"yO9H29ggUMrTlaA1H2ajFcXWy4+Z1k03CCUeZucGOkE="},"lastRemoteEphemeralKey":"BVO4cZrH8wYNpGhPmpu5IPcwePVpEv7SoVigpULISuJ0","previousCounter":0,"rootKey":"RZb0z1JzWaYgYAl+mdyc6eQzDUvm/tV6CL3zcoeAxc0="},"indexInfo":{"baseKey":"BQFqrKk/5lL2kmJl0xdIn8gce10Djn+ihiYFxY73vIVl","baseKeyType":1,"closed":-1,"used":1738507892270,"created":1738507892270,"remoteIdentityKey":"BewefNFL2RKlro+fXnG3Z2MsR1gsafatCdDCuhAuc6RW"},"_chains":{"BUGYNzOfOUh6xSBvLzXCJ4e0leRS/0mGkPhmEEp4AB9h":{"chainKey":{"counter":0,"key":"MiYQaDadXt1yYngNtxIg529YFjXD4CT5JTpsz6TQpto="},"chainType":1,"messageKeys":{}}},"pendingPreKey":{"signedKeyId":2,"baseKey":"BQFqrKk/5lL2kmJl0xdIn8gce10Djn+ihiYFxY73vIVl","preKeyId":2990958}}},"version":"v1"}