{"_sessions":{"Be0Jv/X2T63/eKLqY+F36Cfz5HL3p2fb4TpFayNKYH8T":{"registrationId":2066743689,"currentRatchet":{"ephemeralKeyPair":{"pubKey":"BTatAj88iNhUU8ldMgUkD+n/yf02sfuJ1N36Xh+dgH8+","privKey":"0KlBrpRWj4s+CbVyRFNENesRBLhN4OqIKQR9fjGiUkk="},"lastRemoteEphemeralKey":"BRcGVM7SKCO7XU85F3htv1VJ+mT3N9NQWJoBLmDfF6RU","previousCounter":0,"rootKey":"i+sNyWDl+UIx3O8CQB7QVK4eK6uwmltsirWhNfzuuTQ="},"indexInfo":{"baseKey":"Be0Jv/X2T63/eKLqY+F36Cfz5HL3p2fb4TpFayNKYH8T","baseKeyType":1,"closed":-1,"used":1738620625290,"created":1738501656431,"remoteIdentityKey":"BeKVtyM4xCdF+63JvBy4pLm7UnzwRzcCVVgVzLC6dwNh"},"_chains":{"BRcGVM7SKCO7XU85F3htv1VJ+mT3N9NQWJoBLmDfF6RU":{"chainKey":{"counter":1,"key":"CX0VKgekLnIauzRunAaQDS+eG+ZON2RiaAmGE50awuI="},"chainType":2,"messageKeys":{"0":"WgOWy7rldCMsk9vVCQpEozT0aMrF1vLEPRucM+pxh2U="}},"BTatAj88iNhUU8ldMgUkD+n/yf02sfuJ1N36Xh+dgH8+":{"chainKey":{"counter":-1,"key":"tkC3q3G3PdUPjGBW7RwcsiVG46WX0qA8m2o/Efk7V1c="},"chainType":1,"messageKeys":{}}}}},"version":"v1"}