{"_sessions":{"BViUvw5b70XCJI2T2Q/q0eaDXfAu+uMbnWoqBG6C0uMP":{"registrationId":64653,"currentRatchet":{"ephemeralKeyPair":{"pubKey":"BQajYSH1GdWjHdfHpk5tFrCmiULYEJ/BE30TXHMcJDZ3","privKey":"SIQbWk1T4n3gZEHNjgtCy5ZgSnQBf4XGWyoaYrF+LHY="},"lastRemoteEphemeralKey":"BUmAPqdrj/8ARHbxWK9ZQzFtJaTmuVgPjEQb64X4t9Yi","previousCounter":0,"rootKey":"m5wu/LcpBlsresPddcWneti4iVfQ7TJ4GqERQxJNzCc="},"indexInfo":{"baseKey":"BViUvw5b70XCJI2T2Q/q0eaDXfAu+uMbnWoqBG6C0uMP","baseKeyType":1,"closed":-1,"used":1738620605269,"created":1738501653920,"remoteIdentityKey":"BeV9YuYl6it8KxOLB5u+MNompJpQGWfo6fRqYv8kYm4M"},"_chains":{"BUmAPqdrj/8ARHbxWK9ZQzFtJaTmuVgPjEQb64X4t9Yi":{"chainKey":{"counter":1,"key":"Vo75DTK+S0ZwjK3x/VO6GK364LGvNrJ4EzIrFxZ7ZLA="},"chainType":2,"messageKeys":{}},"BQajYSH1GdWjHdfHpk5tFrCmiULYEJ/BE30TXHMcJDZ3":{"chainKey":{"counter":-1,"key":"r3+NSdR1MBhApU1wGAkdMrVRdXyHIricOI1RacFn6Ak="},"chainType":1,"messageKeys":{}}}}},"version":"v1"}