{"_sessions":{"BZ3i6oYjdpBARXEyzBJiq6fiP77gZjnS9A3pmHEtxeU2":{"registrationId":1109849506,"currentRatchet":{"ephemeralKeyPair":{"pubKey":"BXu7iWd5LyITst3lk2NBq/+KiDLVJ0wbrUwzJywEqFMm","privKey":"uKmwyStLQJP0+3bqyh2UJNV6UNiwW5zv2sDNlo+7w1M="},"lastRemoteEphemeralKey":"BcAu5pT1Mk1ZV5u+nObfhhjdCqavwCRXki9yFb75si8N","previousCounter":0,"rootKey":"hOj36t5emQDwU2aB23ylY9Vet0WaF8DiwZadVWgn9+8="},"indexInfo":{"baseKey":"BZ3i6oYjdpBARXEyzBJiq6fiP77gZjnS9A3pmHEtxeU2","baseKeyType":1,"closed":-1,"used":1738501651831,"created":1738501651831,"remoteIdentityKey":"BYbZR/AhDKw8eo41CPUOeuey9OaoJ1cbnx1DXMtHJZE6"},"_chains":{"BXu7iWd5LyITst3lk2NBq/+KiDLVJ0wbrUwzJywEqFMm":{"chainKey":{"counter":0,"key":"atvkef++D0eFVHyhYtALMbG+qYevvn3JUlRwpM4wMo8="},"chainType":1,"messageKeys":{}}},"pendingPreKey":{"signedKeyId":4920045,"baseKey":"BZ3i6oYjdpBARXEyzBJiq6fiP77gZjnS9A3pmHEtxeU2","preKeyId":8353}}},"version":"v1"}