{"_sessions":{"BS81gocxPHl/J9eJhZKaUR2l+E0a2bF721fW0WvvaMgC":{"registrationId":108,"currentRatchet":{"ephemeralKeyPair":{"pubKey":"BUCle+7X/nA2KuubLPNaUOLDQEFwRqtrAaHI9ci70GxS","privKey":"OHwllUpeY14ivSNlJUzvSHmycLbbu978Jh/BnItWeX4="},"lastRemoteEphemeralKey":"BWBaNyrRBmKE1HoBNmUNlCkGAtVOg+xrcQzfZp19PQ0Q","previousCounter":0,"rootKey":"uQOIXsaOimKrkHkAxCEIYIku0nMGs4f928oHX1A2cV0="},"indexInfo":{"baseKey":"BS81gocxPHl/J9eJhZKaUR2l+E0a2bF721fW0WvvaMgC","baseKeyType":1,"closed":-1,"used":1738501651721,"created":1738501651721,"remoteIdentityKey":"BSzdtNYLFdyJE17iX5fsRxUvsANqoDQFWHEKryRyzGZc"},"_chains":{"BUCle+7X/nA2KuubLPNaUOLDQEFwRqtrAaHI9ci70GxS":{"chainKey":{"counter":0,"key":"j1On9BZeWxspsqdRtrTMKNsUXLW3VNyg+MuKnmHurUE="},"chainType":1,"messageKeys":{}}},"pendingPreKey":{"signedKeyId":1,"baseKey":"BS81gocxPHl/J9eJhZKaUR2l+E0a2bF721fW0WvvaMgC"}}},"version":"v1"}