{"_sessions":{"Beg+Fz7Sm40PPX5ek00IHGFd2Xs1npblzPY675DmzuRE":{"registrationId":1819065788,"currentRatchet":{"ephemeralKeyPair":{"pubKey":"BWLiTiaNHo60wpzEvqpTfqYoKz6K9/niyz+HtlLTWLUd","privKey":"WIGHFTQqkgiTwmb6KoQVl6zm1vPHnMTjlpQGdfY4nXk="},"lastRemoteEphemeralKey":"BY6kIFfY+QQVT+VAUbbXEuo09v846Ecis5+BmuOv9nJ9","previousCounter":0,"rootKey":"Y2hPRn8VyR5rRxmM2hVMGRDgAmupxd0kRUYAH0jX4fs="},"indexInfo":{"baseKey":"Beg+Fz7Sm40PPX5ek00IHGFd2Xs1npblzPY675DmzuRE","baseKeyType":1,"closed":-1,"used":1738620606703,"created":1738501657491,"remoteIdentityKey":"BZkXLh9pIAchYNitr0qcssSKImu/i4+Am0/2umUFY8kj"},"_chains":{"BY6kIFfY+QQVT+VAUbbXEuo09v846Ecis5+BmuOv9nJ9":{"chainKey":{"counter":1,"key":"ixT7bJ6UL9Wrsjjx9+gf/AweqoOA3AXgdfw81rosH3I="},"chainType":2,"messageKeys":{}},"BWLiTiaNHo60wpzEvqpTfqYoKz6K9/niyz+HtlLTWLUd":{"chainKey":{"counter":-1,"key":"PVIr2TgY6NAlfdLo9mnD96UyoXJWqOrSTIu+2d04RC4="},"chainType":1,"messageKeys":{}}}}},"version":"v1"}