{"_sessions":{"BU/fHz53dYC0o/SJcjysClk96rT7nPcMh4Yuzd1ks48J":{"registrationId":1763947871,"currentRatchet":{"ephemeralKeyPair":{"pubKey":"BdMoH0sXMAJLSy09+1UnEfwPobZYzW+090jpRnx9Wxk+","privKey":"aDaYPkJUj5qAlPcl15eN8RUSHce9pxBAsYpMwymwqHw="},"lastRemoteEphemeralKey":"BU1+jqo9mb9i7b3nTJCAyjnGK43gWGWMJtGjMTHqF001","previousCounter":0,"rootKey":"xlJgOpbXScHJUYnrPNjSpmLjkPYIldI5DQCCuh70vb0="},"indexInfo":{"baseKey":"BU/fHz53dYC0o/SJcjysClk96rT7nPcMh4Yuzd1ks48J","baseKeyType":1,"closed":-1,"used":1738571492777,"created":1738501656450,"remoteIdentityKey":"BQ6Zb79rQLYN2h9NT0yLLmx20f7YoORIJ+1Be4P9aEgC"},"_chains":{"BU1+jqo9mb9i7b3nTJCAyjnGK43gWGWMJtGjMTHqF001":{"chainKey":{"counter":0,"key":"No8OJJ/8HzhqW4hEp0UD8bR6bPkdCsp9lxzcJSiErB4="},"chainType":2,"messageKeys":{}},"BdMoH0sXMAJLSy09+1UnEfwPobZYzW+090jpRnx9Wxk+":{"chainKey":{"counter":-1,"key":"Bq0uWP6HzARQfiQbl2MPLEle2UlAt8r2tZIiD0MqgMk="},"chainType":1,"messageKeys":{}}}}},"version":"v1"}