{"_sessions":{"Bd4CqdXobEniiVVKiL830hhd3uUfHmmmSUUHb7Ze514h":{"registrationId":1301470736,"currentRatchet":{"ephemeralKeyPair":{"pubKey":"BR+ifihDIZC557bYYeQepttZ5vIhr667d5kCIrO0W/sX","privKey":"UCdGluJvnLhzddZZfToWAK7JrLjOzefMapxTlKWc/nQ="},"lastRemoteEphemeralKey":"BabiwtCbFbtHLhoytYdiV5XY4UJmNAAYk7dZql1E7ao5","previousCounter":0,"rootKey":"IfbOP+ZoGjrrgBhbAfAYkPdGlbtYMoot/+um/kRL/L4="},"indexInfo":{"baseKey":"Bd4CqdXobEniiVVKiL830hhd3uUfHmmmSUUHb7Ze514h","baseKeyType":1,"closed":-1,"used":1738624030001,"created":1738501654069,"remoteIdentityKey":"BddvZgOuxaOh7YhqEri9DflVLCaJZj7DLbb2SCRq4dwJ"},"_chains":{"BabiwtCbFbtHLhoytYdiV5XY4UJmNAAYk7dZql1E7ao5":{"chainKey":{"counter":1,"key":"ucj9sJU3p9DzVcw7w6K/pnPJjkSHwNPAkbzHUX6BeZM="},"chainType":2,"messageKeys":{}},"BR+ifihDIZC557bYYeQepttZ5vIhr667d5kCIrO0W/sX":{"chainKey":{"counter":-1,"key":"k1Tukn59xSDdPdKVmWVQa/gZDnpg2D4+Jhd4l20hItE="},"chainType":1,"messageKeys":{}}}}},"version":"v1"}