{"_sessions":{"BT3dMSNplrol+2qHPlJpyXEoCaUhZoRGGSghhxMQL7Eu":{"registrationId":1614608664,"currentRatchet":{"ephemeralKeyPair":{"pubKey":"BU8yj66jjzPUlb6SGHHro+YxNzqLwyDOib9oh8hxYdE2","privKey":"eH2bmoXL0UdqSldLejwYe/uqkTRsjoILLJmUqfZGJ34="},"lastRemoteEphemeralKey":"BZp4XKGckmldttI9UgICNapgKv0ZzO52BdcTADAVXJcP","previousCounter":0,"rootKey":"xYmIpNf9AzYX0doDDNsKdd+UDxCL1TO70iwrxP5J58s="},"indexInfo":{"baseKey":"BT3dMSNplrol+2qHPlJpyXEoCaUhZoRGGSghhxMQL7Eu","baseKeyType":1,"closed":-1,"used":1738507892248,"created":1738507892248,"remoteIdentityKey":"BYNbVD0wGH2nX3sFPHl4RXduhnLAz6m7L6/hw8kvhuhK"},"_chains":{"BU8yj66jjzPUlb6SGHHro+YxNzqLwyDOib9oh8hxYdE2":{"chainKey":{"counter":0,"key":"KSNClyYVHWAXMxAwKAjHTKRIGAg8tz99UxH/RU3sIsY="},"chainType":1,"messageKeys":{}}},"pendingPreKey":{"signedKeyId":1,"baseKey":"BT3dMSNplrol+2qHPlJpyXEoCaUhZoRGGSghhxMQL7Eu","preKeyId":3641384}}},"version":"v1"}