{"_sessions":{"BVmDbWGQVXGgWchbjERmtAVYPAzRFCH113ut57Pt1Wk7":{"registrationId":1992084316,"currentRatchet":{"ephemeralKeyPair":{"pubKey":"Bc3Faz7lxHGwjbSiwsquD5+PqdQfNn1qHtV85h29fnxf","privKey":"IINO35V/FgtDseQ3ZPlfcGc0epmwniMS2H7adveVlGw="},"lastRemoteEphemeralKey":"Bcuxk12IqdpcQyBjQvxnOtXg8BFxEwjDdy+UCspiSAAz","previousCounter":0,"rootKey":"bcJ25dyasrKZUtSKGjbELXfNvKz0EvuDmEroOAHXt4M="},"indexInfo":{"baseKey":"BVmDbWGQVXGgWchbjERmtAVYPAzRFCH113ut57Pt1Wk7","baseKeyType":1,"closed":-1,"used":1738501656434,"created":1738501656434,"remoteIdentityKey":"BUbGCFgKy7oDAlfViHECgE1SFMuy1Pl+hkXHvA0p16h2"},"_chains":{"Bc3Faz7lxHGwjbSiwsquD5+PqdQfNn1qHtV85h29fnxf":{"chainKey":{"counter":0,"key":"dkcZqUITjoOBB16fJVXnJih5ltUHyVSsVkn2o+aUje4="},"chainType":1,"messageKeys":{}}},"pendingPreKey":{"signedKeyId":8,"baseKey":"BVmDbWGQVXGgWchbjERmtAVYPAzRFCH113ut57Pt1Wk7"}}},"version":"v1"}