{"_sessions":{"BW7wOCJtlnPCrxCrvtDalkJnU8R/hg2SqPzSgOAoMC54":{"registrationId":1417454261,"currentRatchet":{"ephemeralKeyPair":{"pubKey":"BSljXdwSNud/ji4qbT8FdMHhatfZCpP73zN1s2BOz2FU","privKey":"8FP9VopwbKT4e9nLTV1gxk/HfcwSwFyrnYnpiDnGHkI="},"lastRemoteEphemeralKey":"BWeoA5pg2MTLQLjB6iflrUx46bPqAr33T+T+iKq2mvZN","previousCounter":0,"rootKey":"Ow38q5bQTQQQ3gEAdk0BrISjBfeNdeOB1gxnMqLqD30="},"indexInfo":{"baseKey":"BW7wOCJtlnPCrxCrvtDalkJnU8R/hg2SqPzSgOAoMC54","baseKeyType":1,"closed":-1,"used":1738620605265,"created":1738501651999,"remoteIdentityKey":"BZnomaBxR4L9YgB0YdQWCt3wTZwVxICHdhcrkyko2JgI"},"_chains":{"BWeoA5pg2MTLQLjB6iflrUx46bPqAr33T+T+iKq2mvZN":{"chainKey":{"counter":1,"key":"dDQs8xK4SqKm2DFyaLBdDrbc3tbYyJwEMz8PogVuPIU="},"chainType":2,"messageKeys":{}},"BSljXdwSNud/ji4qbT8FdMHhatfZCpP73zN1s2BOz2FU":{"chainKey":{"counter":-1,"key":"mLN3CuKjO3gVJKetOOaJ6YDguPZZpr5chu/KBqx827E="},"chainType":1,"messageKeys":{}}}}},"version":"v1"}