{"_sessions":{"BZWa9WgrHdFZ7xsxmWLfjybTa85WnhyIGXPXu5YGPBUD":{"registrationId":854368775,"currentRatchet":{"ephemeralKeyPair":{"pubKey":"BY+rBWRwG7Kezb/8Ubli95BlEmnQBRtdafUHyCKH38Mn","privKey":"ULuGtIpiBAJbV9UbZdRjdmYUe4IROTW4cHdEG7LME3g="},"lastRemoteEphemeralKey":"BQ58a2Bbx6Hk2N7mx+PELVP/NWDIrLZ3GZF+dV6dcPUR","previousCounter":0,"rootKey":"KBeRYaqiP7NAaDldkNIA7Q8v5EuyuE5Pxss8lrxyqks="},"indexInfo":{"baseKey":"BZWa9WgrHdFZ7xsxmWLfjybTa85WnhyIGXPXu5YGPBUD","baseKeyType":1,"closed":-1,"used":1738620620062,"created":1738501657551,"remoteIdentityKey":"BRZ2Zi/0cQ4Z91BOLIORCzwlN1eSUDUYGZ8Bwh1Y3ict"},"_chains":{"BQ58a2Bbx6Hk2N7mx+PELVP/NWDIrLZ3GZF+dV6dcPUR":{"chainKey":{"counter":1,"key":"QKcqSxC+hqCO41zPoMBKaJfooSVTwl5d0jY1fyACJ9Y="},"chainType":2,"messageKeys":{}},"BY+rBWRwG7Kezb/8Ubli95BlEmnQBRtdafUHyCKH38Mn":{"chainKey":{"counter":-1,"key":"5acuVw8EGubIR9PgxF69gSDBA9+rWgr4IlgEzayuOqA="},"chainType":1,"messageKeys":{}}}}},"version":"v1"}