{"_sessions":{"BXQ85RB5AcO2xdxk/BqZdoqCdf105/+ozOBkgvg7En53":{"registrationId":1277343972,"currentRatchet":{"ephemeralKeyPair":{"pubKey":"BWgfKUBvWxbBwLqTTjcNwxNo3GyQpaxTmk235h9SN5F6","privKey":"6Axu5E9tb3NgNRKvwc7daAxrQeNs6Bm1ehGJWZLkqms="},"lastRemoteEphemeralKey":"BTXu4nTjsCk+CxD1onN0zzWz+1QI7oDTKXMNQT2sf1pY","previousCounter":0,"rootKey":"L43BmD7IpE/ZIyiJNwOkfhyclz2RqwRHD3DF0cf7JC8="},"indexInfo":{"baseKey":"BXQ85RB5AcO2xdxk/BqZdoqCdf105/+ozOBkgvg7En53","baseKeyType":1,"closed":1738500826948,"used":1738500825547,"created":1738500825547,"remoteIdentityKey":"Bf9ANtxHqNr0RA0IKpRvenF2psUVjlnQN51Q1kngNxM7"},"_chains":{"BWgfKUBvWxbBwLqTTjcNwxNo3GyQpaxTmk235h9SN5F6":{"chainKey":{"counter":-1,"key":"/KE0FNJLg3KX/mMA9d7WWA7dlv4fUKaquPbH3W8b43g="},"chainType":1,"messageKeys":{}}},"pendingPreKey":{"signedKeyId":0,"baseKey":"BXQ85RB5AcO2xdxk/BqZdoqCdf105/+ozOBkgvg7En53","preKeyId":2481378}},"Be6ZBi2wPnzDuw9hbWM7vrs3lf00Hz/gkKEtgI4+kVcY":{"registrationId":1277343972,"currentRatchet":{"ephemeralKeyPair":{"pubKey":"BQx6i7N1YUe5OW8Iiv9d/wWn/oySzUP0o1xAAf6dx/Iu","privKey":"UCfDJ6ksMkSrHfd53S0GFqRAAIVIzJd48LIXxy61Nkw="},"lastRemoteEphemeralKey":"BYhB5CLAzbkefDj0h8Sv5kFm/UOrjFzBox8xNc3/9qYw","previousCounter":1,"rootKey":"LPipmawavouNG+qja8Oempe+/gBaI9URWzDzKGYA8Ws="},"indexInfo":{"baseKey":"Be6ZBi2wPnzDuw9hbWM7vrs3lf00Hz/gkKEtgI4+kVcY","baseKeyType":1,"closed":-1,"used":1738571799636,"created":1738500826947,"remoteIdentityKey":"Bf9ANtxHqNr0RA0IKpRvenF2psUVjlnQN51Q1kngNxM7"},"_chains":{"BYhB5CLAzbkefDj0h8Sv5kFm/UOrjFzBox8xNc3/9qYw":{"chainKey":{"counter":0,"key":"I+0gAqmxFWBmmKfl2ko5/JieiUSAbumlRfPO+0tnPQE="},"chainType":2,"messageKeys":{}},"BQx6i7N1YUe5OW8Iiv9d/wWn/oySzUP0o1xAAf6dx/Iu":{"chainKey":{"counter":-1,"key":"1/99OF/b5ENbuZvkFSTiiit6mN8J9RZzBJTAFHOMizU="},"chainType":1,"messageKeys":{}}}}},"version":"v1"}