{"_sessions":{"BWF1DJX1w7NwbgNYyw8QL47a+nroYWAsCvnIubk6P1Ax":{"registrationId":2562,"currentRatchet":{"ephemeralKeyPair":{"pubKey":"BTW74bNwJYEV2VDJ2G7IlrRCwI+74GSZEzoGZMgKsQ8a","privKey":"kOaxJWLdPqy1OEl8hVBYhMTbKeDbqao+KjuZhnbsRFo="},"lastRemoteEphemeralKey":"BROahTIwXS0YwqLfkgM8dwlBhzM86v0zHKLncPhOoaRL","previousCounter":0,"rootKey":"z29dTiia9280vHIoAYHU/D4M6ySPP7/jD4YzhmsZ4XQ="},"indexInfo":{"baseKey":"BWF1DJX1w7NwbgNYyw8QL47a+nroYWAsCvnIubk6P1Ax","baseKeyType":1,"closed":1738523140016,"used":1738523139711,"created":1738523139711,"remoteIdentityKey":"BdDy8bX8s0jLGWCiCsfeqQFrnvkqwL9cXvw6SGxLo1YL"},"_chains":{"BTW74bNwJYEV2VDJ2G7IlrRCwI+74GSZEzoGZMgKsQ8a":{"chainKey":{"counter":-1,"key":"j0M6yHM7kg2T6YNQ9BgUYJP+PunOOnzuPAS9IjuYR4c="},"chainType":1,"messageKeys":{}}},"pendingPreKey":{"signedKeyId":1,"baseKey":"BWF1DJX1w7NwbgNYyw8QL47a+nroYWAsCvnIubk6P1Ax"}},"BT7S5z4yQdm37qzt2cF5JSrkLlCqZQ6ab156vm/Jw3cQ":{"registrationId":2562,"currentRatchet":{"ephemeralKeyPair":{"pubKey":"BZgaq9U6E1i9pFnhG/tXN2s+cHMTBEWCC9T3ttVuQ7Em","privKey":"MMdJBla/VUUBtrwOfvaMz0JG9mQEokat6dPYvnzxgHA="},"lastRemoteEphemeralKey":"BROahTIwXS0YwqLfkgM8dwlBhzM86v0zHKLncPhOoaRL","previousCounter":0,"rootKey":"pWAqfpM1RuCiqHwuNCMQ16bCojNf6OuzFQ3KdVXFwk4="},"indexInfo":{"baseKey":"BT7S5z4yQdm37qzt2cF5JSrkLlCqZQ6ab156vm/Jw3cQ","baseKeyType":1,"closed":-1,"used":1738523140015,"created":1738523140015,"remoteIdentityKey":"BdDy8bX8s0jLGWCiCsfeqQFrnvkqwL9cXvw6SGxLo1YL"},"_chains":{"BZgaq9U6E1i9pFnhG/tXN2s+cHMTBEWCC9T3ttVuQ7Em":{"chainKey":{"counter":1,"key":"TfvASqAQFQwGH/OSftlKv798ULU2VhsQ3TNJvfHcGHs="},"chainType":1,"messageKeys":{}}},"pendingPreKey":{"signedKeyId":1,"baseKey":"BT7S5z4yQdm37qzt2cF5JSrkLlCqZQ6ab156vm/Jw3cQ"}}},"version":"v1"}