{"_sessions":{"BadRYGEIHa1wboQvsTQtjfqVzX7Wa65uVSTA9yjbp2Up":{"registrationId":1971342445,"currentRatchet":{"ephemeralKeyPair":{"pubKey":"BUamW2KogQ4t16klq0VVBB0jNcbgrDQL9z3xLdJ8pZh5","privKey":"UKt9xdA/zQ5CAgiV1lfIhQRUovqHI8qz+F2dAut/OU4="},"lastRemoteEphemeralKey":"BUnTdI5i2+HrRaG2Lh0PvgASw+zMABrAODnRt4k3mJd8","previousCounter":0,"rootKey":"YB+/7o2xc5N4V8K1n5aCh1c6JKeqz5M7rbdQjz2oryo="},"indexInfo":{"baseKey":"BadRYGEIHa1wboQvsTQtjfqVzX7Wa65uVSTA9yjbp2Up","baseKeyType":1,"closed":-1,"used":1738623101247,"created":1738501653982,"remoteIdentityKey":"BbZXdE+3av18eRPqYpJE3CKVdBLtYoLI/xhbvXpKbA8r"},"_chains":{"BUnTdI5i2+HrRaG2Lh0PvgASw+zMABrAODnRt4k3mJd8":{"chainKey":{"counter":1,"key":"s3jkzIrPTz3eEhipjeogo4W3khXQF4hV+HTKRiZt65I="},"chainType":2,"messageKeys":{}},"BUamW2KogQ4t16klq0VVBB0jNcbgrDQL9z3xLdJ8pZh5":{"chainKey":{"counter":-1,"key":"lzsJ4fvCdbOY1drjbiPHD1zoOn5yRI5AciV1Xsof3Lg="},"chainType":1,"messageKeys":{}}}}},"version":"v1"}