{"_sessions":{"BQRy9UZ8uO1MMhXrcu4B8N4ojnGlIZAmuF+6vyuoMicz":{"registrationId":1463480692,"currentRatchet":{"ephemeralKeyPair":{"pubKey":"BX/9WynTAjzGU7NfjdK6ccPD8VkfPaxhJTJerA3p51Vo","privKey":"4BrlRd34vg3N5MacQiGAnDScfxoYb1hQfvFl4PFe5Xo="},"lastRemoteEphemeralKey":"BWvxI5k0H2QEGjlgilEgI7adsMlFwe/92pZpmBbKIZMn","previousCounter":0,"rootKey":"PN7k0ky+Yc2JzR+B+WBL8fCCCkILDSMWLIcMXt9zQWg="},"indexInfo":{"baseKey":"BQRy9UZ8uO1MMhXrcu4B8N4ojnGlIZAmuF+6vyuoMicz","baseKeyType":1,"closed":-1,"used":1738507892077,"created":1738507892077,"remoteIdentityKey":"BeNNIuRVels09dv7TmV4Xnia41hlxB4msoX5s01ByhFl"},"_chains":{"BX/9WynTAjzGU7NfjdK6ccPD8VkfPaxhJTJerA3p51Vo":{"chainKey":{"counter":0,"key":"bGu3euO8XnLhkhU/3HEb+90eBcHhYSjLzRCSx3BH5QI="},"chainType":1,"messageKeys":{}}},"pendingPreKey":{"signedKeyId":0,"baseKey":"BQRy9UZ8uO1MMhXrcu4B8N4ojnGlIZAmuF+6vyuoMicz","preKeyId":2390647}}},"version":"v1"}