{"_sessions":{"BaxBZlc8AgDa7rF2q9kmrhJGhckBjfLkWq1uwGKttSBw":{"registrationId":1459031279,"currentRatchet":{"ephemeralKeyPair":{"pubKey":"BTUMOrFj71l1UmA7TmSOnLUy1hgS+b0DgAZ3N7vN+58A","privKey":"kB/kMP5EVpMdVcPm4K5ZfnFZzTyclH6FEUJwBbc9RGs="},"lastRemoteEphemeralKey":"BYbyD2/U9FClYZaZUrYLMOiDUynjuaLOInd+BePZX24w","previousCounter":0,"rootKey":"eYekJV4hkZBUkw4anXf4A4ZqfdsurU3dQD7pGv8Et+M="},"indexInfo":{"baseKey":"BaxBZlc8AgDa7rF2q9kmrhJGhckBjfLkWq1uwGKttSBw","baseKeyType":1,"closed":-1,"used":1738620606229,"created":1738501656265,"remoteIdentityKey":"BUaCf3m+ullSLeEX+4ODaO2jLo+iu3F1DAAkYUXtEWRJ"},"_chains":{"BYbyD2/U9FClYZaZUrYLMOiDUynjuaLOInd+BePZX24w":{"chainKey":{"counter":1,"key":"6VZCDohWOu8yJ4iVhyC4kwulz3vaW8/eHR5owCv6+7A="},"chainType":2,"messageKeys":{}},"BTUMOrFj71l1UmA7TmSOnLUy1hgS+b0DgAZ3N7vN+58A":{"chainKey":{"counter":-1,"key":"koi1GN+FtFmF5U9ltUgpmj0e7SKcJSpAkkXym7joqS4="},"chainType":1,"messageKeys":{}}}}},"version":"v1"}