{"_sessions":{"Bc2Op1S2z1/vQn8wrg5GLtb2tT2yiBXdtfsFyZPlvOI4":{"registrationId":195338508,"currentRatchet":{"ephemeralKeyPair":{"pubKey":"BXUIT9EijnE9uHU3O6KOMFJY4LQLeHe1+7tG0fabMc8Z","privKey":"kH0xi/Jyx44hSTVv7of2DueqGbRCHExgVDJofrO//nE="},"lastRemoteEphemeralKey":"BQ5xQy2CjVaJ8wejuQMRnMWcTkUrzc6jv7Q70VeVCPsa","previousCounter":0,"rootKey":"yOKrKjSV3KUeyhVA8IpdR872BqX+S1riyfh24UcfCw0="},"indexInfo":{"baseKey":"Bc2Op1S2z1/vQn8wrg5GLtb2tT2yiBXdtfsFyZPlvOI4","baseKeyType":1,"closed":-1,"used":1738507892287,"created":1738507892287,"remoteIdentityKey":"BeOxY0j6JlKn1XS+ami6slScCunZl1RDT+jMtsnNOz1Y"},"_chains":{"BXUIT9EijnE9uHU3O6KOMFJY4LQLeHe1+7tG0fabMc8Z":{"chainKey":{"counter":0,"key":"QdDmkxt/Y0EZXET5lLEspoakyI4jdxjW/CdnSUK/hSI="},"chainType":1,"messageKeys":{}}},"pendingPreKey":{"signedKeyId":1,"baseKey":"Bc2Op1S2z1/vQn8wrg5GLtb2tT2yiBXdtfsFyZPlvOI4","preKeyId":5404152}}},"version":"v1"}