{"_sessions":{"BV8GOFZ7pc1H1WPodJnsD78Qi3z4y3Goah6CRr8Fi7d/":{"registrationId":1985122000,"currentRatchet":{"ephemeralKeyPair":{"pubKey":"Bc+Fcco2nrDe54AOfQ02eLyEoDr0PJ3d1eyk5jWDLnJK","privKey":"wOEnwcS1WFFyee+1A/ZB/M7/Q1AS4iZxBoRYdw++6Fg="},"lastRemoteEphemeralKey":"BaBtukjf7pGO8zGmIYFVpxVA/W9bRcT7WArsA5FLhDQS","previousCounter":0,"rootKey":"ifaQ305AVG1Rm4zENwpf2WCHakPjstDCEFCFAivRPB8="},"indexInfo":{"baseKey":"BV8GOFZ7pc1H1WPodJnsD78Qi3z4y3Goah6CRr8Fi7d/","baseKeyType":1,"closed":-1,"used":1738620606513,"created":1738501652033,"remoteIdentityKey":"BQp/UhG1LRK0Gu+SdCrAbDHL8j0V5/xO90nv0ejUEH8n"},"_chains":{"BaBtukjf7pGO8zGmIYFVpxVA/W9bRcT7WArsA5FLhDQS":{"chainKey":{"counter":1,"key":"+TgA2YxYgyaPCwl3XNTvVw1SUIKLGlulVx3uvMQUMUg="},"chainType":2,"messageKeys":{}},"Bc+Fcco2nrDe54AOfQ02eLyEoDr0PJ3d1eyk5jWDLnJK":{"chainKey":{"counter":-1,"key":"NEjV6SN1QlXxrBz1IWz0Gve/feQzDMj7pGR2QU503tw="},"chainType":1,"messageKeys":{}}}}},"version":"v1"}