{"_sessions":{"BYNJpHANXeEHzc/24j3RzW3QcBgbTbAcGeuD45mOgbtn":{"registrationId":311251788,"currentRatchet":{"ephemeralKeyPair":{"pubKey":"BTPFTVk8f9PG7CwITDyvVDfSrvVIc/e43cHD5kjtQVIV","privKey":"mJHhBOonvCxLHztZ/0IpIrobvUtSFZj9Fm3kEJRf0ms="},"lastRemoteEphemeralKey":"Bcl66C0aJ3lD5E6oaV4XZkapF+GnkEU8/yhJrsv8KoIU","previousCounter":0,"rootKey":"r310z2cL9YKZV8/p7mbkib+bH3n2vwXvhkbCza10v0k="},"indexInfo":{"baseKey":"BYNJpHANXeEHzc/24j3RzW3QcBgbTbAcGeuD45mOgbtn","baseKeyType":1,"closed":-1,"used":1738571492642,"created":1738501653946,"remoteIdentityKey":"BY6wvzbsH6mTK7EklC53d4Mrm9JMCWj/lS8ddPr/DkdJ"},"_chains":{"Bcl66C0aJ3lD5E6oaV4XZkapF+GnkEU8/yhJrsv8KoIU":{"chainKey":{"counter":0,"key":"L11Pw6Iqsk8dpvecVypt+UAtzI+1X4P0dK/Qjb+AXhI="},"chainType":2,"messageKeys":{}},"BTPFTVk8f9PG7CwITDyvVDfSrvVIc/e43cHD5kjtQVIV":{"chainKey":{"counter":-1,"key":"/+TfZhh0UL9OucoPVW20rULX5NEnTQlKHY6Ycl3fu+A="},"chainType":1,"messageKeys":{}}}}},"version":"v1"}