{"_sessions":{"BY56FrdhBSrbGMW79W14JVtqkeGljVBtNTyQ9KMfbW5I":{"registrationId":1709821255,"currentRatchet":{"ephemeralKeyPair":{"pubKey":"BZqcN2XrB813GUjE63zk+tUkA3kfTPCmUkFw9wmJIOw0","privKey":"SNV8Mavqs42FHzDDgjCI7gQODMrX3H3HmFBWe40m12E="},"lastRemoteEphemeralKey":"BaK6qBkGE7bEumxnbnXrqCOd9/G7GeJsAWaDjFKoGyxe","previousCounter":0,"rootKey":"h/oWZ41khzAA3AxlEfqNILNsKO2e7QvXnyPW+NxlNGo="},"indexInfo":{"baseKey":"BY56FrdhBSrbGMW79W14JVtqkeGljVBtNTyQ9KMfbW5I","baseKeyType":1,"closed":-1,"used":1738571493401,"created":1738501654039,"remoteIdentityKey":"BVzcr+alxq/mvNW7q+yDnKycGkt/3lS+PqB5eFBvXFN0"},"_chains":{"BaK6qBkGE7bEumxnbnXrqCOd9/G7GeJsAWaDjFKoGyxe":{"chainKey":{"counter":0,"key":"1OXr+qXREECT19sJX6rAiclczl2fuPCm3qOiNFH9QD4="},"chainType":2,"messageKeys":{}},"BZqcN2XrB813GUjE63zk+tUkA3kfTPCmUkFw9wmJIOw0":{"chainKey":{"counter":-1,"key":"MksO0dvnKq1NO/wFJrM948QSx+dsJo7oPohgZS2NfCo="},"chainType":1,"messageKeys":{}}}}},"version":"v1"}