{"_sessions":{"BYAJ4CZljss/ZWpnG+ntsgjJtXbn0cQQ6WYa9pcBx/d0":{"registrationId":92,"currentRatchet":{"ephemeralKeyPair":{"pubKey":"BeVGMRVd0KrOsMCLzVqa2uBhJg7pZ2NC2aitEq8yX2hG","privKey":"sBpy9+yh1e7Yhbl1oYoBLiH/rO0xIZ5YKpG1htDmiFg="},"lastRemoteEphemeralKey":"BYkXB84qbFwUI7PuzfGLrlCrUHc3YlUKk7P/pix4nec6","previousCounter":0,"rootKey":"o7R67gaH48QovxwW/w47BHm3XVPse2SfHEaoNrRkRpQ="},"indexInfo":{"baseKey":"BYAJ4CZljss/ZWpnG+ntsgjJtXbn0cQQ6WYa9pcBx/d0","baseKeyType":1,"closed":1738523139838,"used":1738523139665,"created":1738523139665,"remoteIdentityKey":"BZIKmKbjCQo71oGlRcvmqIJzO/D6pSDXaKsPsbyaTwwu"},"_chains":{"BeVGMRVd0KrOsMCLzVqa2uBhJg7pZ2NC2aitEq8yX2hG":{"chainKey":{"counter":-1,"key":"rdmlswJkm3AzO5BRk4FPg/cTOebsGwiuVorFem9VQ/Y="},"chainType":1,"messageKeys":{}}},"pendingPreKey":{"signedKeyId":1,"baseKey":"BYAJ4CZljss/ZWpnG+ntsgjJtXbn0cQQ6WYa9pcBx/d0"}},"BXNXbxYIudSMo/ama7hpzt6nMSyr4OTMr8PeK7EZSFwc":{"registrationId":92,"currentRatchet":{"ephemeralKeyPair":{"pubKey":"BRmYri5YbH1QEM0Dva7+EtqqAthcoRZvXvYdufh+tPNh","privKey":"UDIKT1GvTKmNiNdUTH7TZagAwkq5vb+z7R327ysz3HY="},"lastRemoteEphemeralKey":"BYkXB84qbFwUI7PuzfGLrlCrUHc3YlUKk7P/pix4nec6","previousCounter":0,"rootKey":"LZlNDN4UuUjdxlQgi2hbpybJ4/AXMnbHeV5/PUNlhfo="},"indexInfo":{"baseKey":"BXNXbxYIudSMo/ama7hpzt6nMSyr4OTMr8PeK7EZSFwc","baseKeyType":1,"closed":-1,"used":1738523139837,"created":1738523139837,"remoteIdentityKey":"BZIKmKbjCQo71oGlRcvmqIJzO/D6pSDXaKsPsbyaTwwu"},"_chains":{"BRmYri5YbH1QEM0Dva7+EtqqAthcoRZvXvYdufh+tPNh":{"chainKey":{"counter":1,"key":"9ihIfxyPQytySXGEJce6x3TIy60Klg6nAoJeeym4h3U="},"chainType":1,"messageKeys":{}}},"pendingPreKey":{"signedKeyId":1,"baseKey":"BXNXbxYIudSMo/ama7hpzt6nMSyr4OTMr8PeK7EZSFwc"}}},"version":"v1"}