{"_sessions":{"BbVXrnqCcuOOen4frPRMRFcTwplcJK+rSeu/ryL2RH1n":{"registrationId":2017998635,"currentRatchet":{"ephemeralKeyPair":{"pubKey":"BT0+RL2B4nFbXLktt0Wj5O0MT9b9/FANNv7cCK7gyqdZ","privKey":"mG+Q9I/bo5l6wiHocbnugEuMthUaGnecgVWzng4hSWk="},"lastRemoteEphemeralKey":"BQTHLvZAf/GDJhgPhAMkpZllO6NfszwyoUe0z9kDrkV4","previousCounter":0,"rootKey":"zpLQRKiViGmkRRFa/z04ms89aWSMjRQrzgKlfoPGdOo="},"indexInfo":{"baseKey":"BbVXrnqCcuOOen4frPRMRFcTwplcJK+rSeu/ryL2RH1n","baseKeyType":1,"closed":-1,"used":1738620605548,"created":1738501657541,"remoteIdentityKey":"BTQKGrP91DsFBWApM6/7/YzLRb917Hct/qaWNCLSGLB8"},"_chains":{"BQTHLvZAf/GDJhgPhAMkpZllO6NfszwyoUe0z9kDrkV4":{"chainKey":{"counter":1,"key":"t2am2CH5rKGQw67PBF8kyCty5pxKJBhhPqWjHHrpBLo="},"chainType":2,"messageKeys":{}},"BT0+RL2B4nFbXLktt0Wj5O0MT9b9/FANNv7cCK7gyqdZ":{"chainKey":{"counter":-1,"key":"oq8gs83r07SZ6MwctMFyknBL8aVy9HmIWSs3t5pgh4Y="},"chainType":1,"messageKeys":{}}}}},"version":"v1"}