{"_sessions":{"BYXH8cFJVEbiV6vILnWBprYh/IWNxuH1EB7iMmQLMogv":{"registrationId":1558379435,"currentRatchet":{"ephemeralKeyPair":{"pubKey":"Ba0wJLqtszAfuhT8bgrXyzyfKGAHuDjCtQzoRlVf5kdD","privKey":"kKUB3pr7JzlpwVZkT00RMJRsOnK8rdWLIfcJp4wPXWg="},"lastRemoteEphemeralKey":"BRZHj+MQbRMgMKFrV8zEAxiyEQUg7zNldbIyDjC3uE9U","previousCounter":0,"rootKey":"iPEDI8cw3QK/D5lZZfyCpVCdTMzKL/YXzLvlZlv0cLM="},"indexInfo":{"baseKey":"BYXH8cFJVEbiV6vILnWBprYh/IWNxuH1EB7iMmQLMogv","baseKeyType":1,"closed":-1,"used":1738621204234,"created":1738501652003,"remoteIdentityKey":"Ba/Qrhvbj0duN/NsoVVv25YurS+bUu3go0lCke77IdY0"},"_chains":{"BRZHj+MQbRMgMKFrV8zEAxiyEQUg7zNldbIyDjC3uE9U":{"chainKey":{"counter":1,"key":"he2IXlW8V/Tkg2BeKQhKANJYgtdz3YIamuieQpIx0Kk="},"chainType":2,"messageKeys":{}},"Ba0wJLqtszAfuhT8bgrXyzyfKGAHuDjCtQzoRlVf5kdD":{"chainKey":{"counter":-1,"key":"TIgev6xUlrVXpTF3YdvjnRPxhal7dfJjD2ic6sBuKf4="},"chainType":1,"messageKeys":{}}}}},"version":"v1"}