{"_sessions":{"BRdSAQrZaY0jX0DWPAt7qZy6yzbuA/UtyetebeFLYDZw":{"registrationId":2056356809,"currentRatchet":{"ephemeralKeyPair":{"pubKey":"BWnLi6t4pEoxVqFwRVkHGMtbraaKd6CIskQzxykUdskl","privKey":"6HFGM6RHFLssfGrUqoGrzdTfSK2yTExenp+TUzYsdWE="},"lastRemoteEphemeralKey":"Ba8DdRW36Z0K+gIkQZvxSzAEvqd6pl6eZMeH87ptYkxO","previousCounter":0,"rootKey":"MGVERbmShFVZZlJuj14TRq3p+o6RHDIoXZx8FtHx7aE="},"indexInfo":{"baseKey":"BRdSAQrZaY0jX0DWPAt7qZy6yzbuA/UtyetebeFLYDZw","baseKeyType":1,"closed":-1,"used":1738571493177,"created":1738501654084,"remoteIdentityKey":"BYqKJYpOSpXtu1T1uzFPy6ffA47xosQ85/Ww5m8D4vt2"},"_chains":{"Ba8DdRW36Z0K+gIkQZvxSzAEvqd6pl6eZMeH87ptYkxO":{"chainKey":{"counter":0,"key":"ISJ8DmVmWIhk0SxP+taoRgswTNXhCVfdOX1iYMU7dlo="},"chainType":2,"messageKeys":{}},"BWnLi6t4pEoxVqFwRVkHGMtbraaKd6CIskQzxykUdskl":{"chainKey":{"counter":-1,"key":"kg03/OkPzTspK4fqPA9IpsEuzuP+9lsk6DdmXPbhtvE="},"chainType":1,"messageKeys":{}}}}},"version":"v1"}