{"_sessions":{"BT/bNLUwqVufeCj8ZMjJdtQRdD/4TfQBbNCt3fX6HmRG":{"registrationId":351326386,"currentRatchet":{"ephemeralKeyPair":{"pubKey":"BXOfj9oOt1wXwkUAJpfuAFQi92DHtzwD9CMuLni3vjoA","privKey":"iCFVkmwjCPOz8ZOrjOjX6Bg2pNhIe+GNaP43i7dAf2Y="},"lastRemoteEphemeralKey":"BQHb5fxD/O/JPnbsEKiob9OgsyEJYRgrT1xyjA4f6jQL","previousCounter":0,"rootKey":"d0fOLsMaV7zLNWlLUOMNdKvez/UObbieuGTmT2XPtUY="},"indexInfo":{"baseKey":"BT/bNLUwqVufeCj8ZMjJdtQRdD/4TfQBbNCt3fX6HmRG","baseKeyType":1,"closed":-1,"used":1738624721895,"created":1738501656227,"remoteIdentityKey":"BVbDPmfvJew56ar8qVGeybTGs8wVOZt+zH/3LIhXTpsY"},"_chains":{"BQHb5fxD/O/JPnbsEKiob9OgsyEJYRgrT1xyjA4f6jQL":{"chainKey":{"counter":1,"key":"ImUddvi/Kp3NpLWPIWRu98fadEwWALh83yH5OFtCN+8="},"chainType":2,"messageKeys":{}},"BXOfj9oOt1wXwkUAJpfuAFQi92DHtzwD9CMuLni3vjoA":{"chainKey":{"counter":-1,"key":"T4PgTWadnJfdBAO8ZwZEz1xTv1gd3ZX3uyRzgGefVEU="},"chainType":1,"messageKeys":{}}}}},"version":"v1"}