{"_sessions":{"Bd5eS3vvyUDi+tLO27Ut0Wuyk/O4TfsQ7NA2HkYSW4c1":{"registrationId":1725390455,"currentRatchet":{"ephemeralKeyPair":{"pubKey":"BSGkzw6IuNV+nFpaFdtly5IqWP8OuksvJtFf/SL/qZwO","privKey":"4M9JGoYTfOll7OiyQwVMpoRVUP0eZ/QX1ZvgGco4Dno="},"lastRemoteEphemeralKey":"Bay/ADqSKJ8w+rUOxHom8Mcvj0sVqHZkZyHSElkBSopf","previousCounter":0,"rootKey":"yR0tOFSIfV8jgSQGA+ax9wEkZLDPdJ18jXNkHuYmzQI="},"indexInfo":{"baseKey":"Bd5eS3vvyUDi+tLO27Ut0Wuyk/O4TfsQ7NA2HkYSW4c1","baseKeyType":1,"closed":-1,"used":1738620603216,"created":1738501656206,"remoteIdentityKey":"BWLnlISS3filb5ZdKGFbooR85tWrCYMlXUqTo+O9IWge"},"_chains":{"Bay/ADqSKJ8w+rUOxHom8Mcvj0sVqHZkZyHSElkBSopf":{"chainKey":{"counter":1,"key":"Z0VW0S++tRdwd42bxUVPmFT41R711lXV9cI7SXj6zig="},"chainType":2,"messageKeys":{}},"BSGkzw6IuNV+nFpaFdtly5IqWP8OuksvJtFf/SL/qZwO":{"chainKey":{"counter":-1,"key":"OSJCsjyUXwxmcrxJ9Z6pjjK0euqF+iMZ/0dA6eDP9o8="},"chainType":1,"messageKeys":{}}}}},"version":"v1"}