{"_sessions":{"BYyIb8P10AMQL0bBLDpk3v0X0gkfjWqj36SW2mD3VWNK":{"registrationId":1848150813,"currentRatchet":{"ephemeralKeyPair":{"pubKey":"BaYkK5lfan4jqPgcD/VYDqFLElHK1Bf+z3JSh3k2TOd3","privKey":"CARBnpA+VEJ8uQHrbxJmWCwo5dIt1G2ED4o/XAZ4xXc="},"lastRemoteEphemeralKey":"BWFrWYZxrKvUYW2HRcsRfPGA6rti8d8n6IT5lal2lg0m","previousCounter":0,"rootKey":"SX/Qb7oyOS6ssCexLajYyw+kS48jH6J/6x7Bfoh5A7Y="},"indexInfo":{"baseKey":"BYyIb8P10AMQL0bBLDpk3v0X0gkfjWqj36SW2mD3VWNK","baseKeyType":1,"closed":-1,"used":1738507892245,"created":1738507892245,"remoteIdentityKey":"BVSEhBYpJXMS1/kuLi1xdZawJoK4q5fVKrr9cJLkBPlm"},"_chains":{"BaYkK5lfan4jqPgcD/VYDqFLElHK1Bf+z3JSh3k2TOd3":{"chainKey":{"counter":0,"key":"UswEko+fQ1LD8jB0iNcC1CJf7eqd6m4qdT/qLg78ilM="},"chainType":1,"messageKeys":{}}},"pendingPreKey":{"signedKeyId":7,"baseKey":"BYyIb8P10AMQL0bBLDpk3v0X0gkfjWqj36SW2mD3VWNK","preKeyId":5379136}}},"version":"v1"}