{"_sessions":{"BY8TV2ZQgdaE6umsjpPfKo65O71OYE6pH82TVphhMjEG":{"registrationId":239,"currentRatchet":{"ephemeralKeyPair":{"pubKey":"BYxn4IWpQEvBN0r146gPomfSVvAhw7lgzbD86+5sdyhW","privKey":"ENbC6WYpklMK4TxPyrBsFe/oppYH6OKymku6ObOXcWY="},"lastRemoteEphemeralKey":"BQo/kXufMhY+ywEIFhi1VG4Z+NjxVQStmA17TulWw39y","previousCounter":0,"rootKey":"CROY8AbQJsK0MZ/sLCSzV2QsKeqX4HEsCDbCEiaVq7Y="},"indexInfo":{"baseKey":"BY8TV2ZQgdaE6umsjpPfKo65O71OYE6pH82TVphhMjEG","baseKeyType":1,"closed":1738523139924,"used":1738523139699,"created":1738523139699,"remoteIdentityKey":"BQdnfNTdiFejPcoebpXHdCOCAqoQdF2YnQ8dQuXqZ78M"},"_chains":{"BYxn4IWpQEvBN0r146gPomfSVvAhw7lgzbD86+5sdyhW":{"chainKey":{"counter":-1,"key":"DIVSDFZjPvrX4WLPdsghsOuc6TxsMxUR5xMv+3ueTO8="},"chainType":1,"messageKeys":{}}},"pendingPreKey":{"signedKeyId":1,"baseKey":"BY8TV2ZQgdaE6umsjpPfKo65O71OYE6pH82TVphhMjEG","preKeyId":307}},"BZIC9FlFaVAnYJF32wdhZtUTU4xur49stBvF3Wxk3owF":{"registrationId":239,"currentRatchet":{"ephemeralKeyPair":{"pubKey":"BUTqgrkWhjUpWGuXBfWyV/byMotlHYhlBmdRxSXTSIRu","privKey":"+NKGmkrW7MxOfmcTpy+lbfvL9D/B+L2C6OHQwLKEaXY="},"lastRemoteEphemeralKey":"Bb7fafPjF4SA7kSYSKW1TL1EBItibzalOeTIlCIYZpZT","previousCounter":1,"rootKey":"0+eGf7m2xwqO5XpECOT+yzbSGCsNTgW2LLjTxvfpw0Y="},"indexInfo":{"baseKey":"BZIC9FlFaVAnYJF32wdhZtUTU4xur49stBvF3Wxk3owF","baseKeyType":1,"closed":1738633800369,"used":1738571494416,"created":1738523139923,"remoteIdentityKey":"BQdnfNTdiFejPcoebpXHdCOCAqoQdF2YnQ8dQuXqZ78M"},"_chains":{"Bb7fafPjF4SA7kSYSKW1TL1EBItibzalOeTIlCIYZpZT":{"chainKey":{"counter":1,"key":"3e0eaAnAOIB9Ng0+9JaKuoWUki6hhL0r2LGleoB/xlU="},"chainType":2,"messageKeys":{}},"BUTqgrkWhjUpWGuXBfWyV/byMotlHYhlBmdRxSXTSIRu":{"chainKey":{"counter":-1,"key":"og7430dFmxmJs+L0VNvyvZHDOqzAdYLZqHR0W5AJyGg="},"chainType":1,"messageKeys":{}}}},"BcIvTRtYET9Bf2C5AmGdsISJBSpdMZEButOiySMuxdME":{"registrationId":239,"currentRatchet":{"ephemeralKeyPair":{"pubKey":"BU6g9djaqKHPb02/xFNOGLmTAp+WgQjRCu0xXdRI47p8","privKey":"uM6E23qcRQ45A3jGx81VOfaIXAEEisb0RfXqyyvmJm4="},"lastRemoteEphemeralKey":"Bf01XmyzkklTXo8rnty8kRb7zF+1JpUP/+Zlstov1/A1","previousCounter":0,"rootKey":"/LeishaNQ2jVtT3rMCmGeB9o9t84EKM8OZTd7G07z30="},"indexInfo":{"baseKey":"BcIvTRtYET9Bf2C5AmGdsISJBSpdMZEButOiySMuxdME","baseKeyType":2,"closed":-1,"used":1738633800375,"created":1738633800375,"remoteIdentityKey":"BQdnfNTdiFejPcoebpXHdCOCAqoQdF2YnQ8dQuXqZ78M"},"_chains":{"Bf01XmyzkklTXo8rnty8kRb7zF+1JpUP/+Zlstov1/A1":{"chainKey":{"counter":12,"key":"VIy1NpFgbESXsZHs8Inm+kwQ2+K3SoAjodwiewBjgUQ="},"chainType":2,"messageKeys":{"0":"ru9kIuCVQBdXY87PS4sL6wHRpesn8bUBI+7NvoMJ/+E=","1":"FjSHYRdGbaozas8XDgASGSuHGMlrKM+5xRCpWVKW8RI=","2":"O2LziTbEhBzvN7WDH0XcQdBaH6xrWklgjg83OW9sCfA=","3":"15F2NBzPuG1NjUiGDi+sAUYqIJemx7LZleRJMe2XhZI="}},"BU6g9djaqKHPb02/xFNOGLmTAp+WgQjRCu0xXdRI47p8":{"chainKey":{"counter":-1,"key":"yLn+bKREJfg99a+3fCPR9haBLfx2tpibacJoC9eijbE="},"chainType":1,"messageKeys":{}}}}},"version":"v1"}