{"_sessions":{"BdVeLH9F/72TLV9XwsPZ21302pOinhiw5Nm8PYRld1d9":{"registrationId":1256284111,"currentRatchet":{"ephemeralKeyPair":{"pubKey":"Bbj0icy2vCVbdTxH4EnX9NVZsJrqGA/4FnOPYZdZTg1J","privKey":"8MkUTlZ0wuLGBh87LgWPzy71yEj6RnjPIVc8yuc8UXI="},"lastRemoteEphemeralKey":"BVMoZ/sJxLlu7ysr4rBHnKFvD1jkGKGQYaYZwclbg99r","previousCounter":0,"rootKey":"e29ELB4daeQGxFsq/CkmiQLbDDDc6EarTH8oGHT0ZgY="},"indexInfo":{"baseKey":"BdVeLH9F/72TLV9XwsPZ21302pOinhiw5Nm8PYRld1d9","baseKeyType":1,"closed":-1,"used":1738620603712,"created":1738501654019,"remoteIdentityKey":"BUxPY2a5pgWNak9Y1HKtCC7DPs2E72xtpm/LcEMSTUFr"},"_chains":{"BVMoZ/sJxLlu7ysr4rBHnKFvD1jkGKGQYaYZwclbg99r":{"chainKey":{"counter":1,"key":"KpHIYTsSvyNVYzjG5sqP7o2DAAciFcN5qrTDcQ+ig9o="},"chainType":2,"messageKeys":{}},"Bbj0icy2vCVbdTxH4EnX9NVZsJrqGA/4FnOPYZdZTg1J":{"chainKey":{"counter":-1,"key":"92ku3ekqnzHPusO5e7IDA8CSR8A3hYxN4lp3q/RiGpk="},"chainType":1,"messageKeys":{}}}}},"version":"v1"}