{"_sessions":{"BWm3clFBBmAYavjwad2/A3mQda/TSWFQCbFYYxuCDqBX":{"registrationId":931645279,"currentRatchet":{"ephemeralKeyPair":{"pubKey":"BXmxOfKiVKl6OMeiDfuhXgznnX4RMt1swFJHcs7Pc+hc","privKey":"8O4H97Az9Y/HLbOz6i/HLhcSt9m4iv1afoeDr2hlx3w="},"lastRemoteEphemeralKey":"Bc2V+EsW6XdSCbTnPzJs9ULr9fwGYQP99I79E9XGBWkY","previousCounter":0,"rootKey":"IpTv+zH3E94EzfNgqJciO7grsO5cC53lw11oPIDpCMU="},"indexInfo":{"baseKey":"BWm3clFBBmAYavjwad2/A3mQda/TSWFQCbFYYxuCDqBX","baseKeyType":1,"closed":-1,"used":1738620608397,"created":1738501651861,"remoteIdentityKey":"BWLV2RKZvx1PfsGm7D8yKKD1yzY4HY1TwgnjmWW5MOB2"},"_chains":{"Bc2V+EsW6XdSCbTnPzJs9ULr9fwGYQP99I79E9XGBWkY":{"chainKey":{"counter":1,"key":"G/1hKJj9Mtv6Ipk8QGPtbTaYw0XRo0/JlJ5rWsRCpfw="},"chainType":2,"messageKeys":{}},"BXmxOfKiVKl6OMeiDfuhXgznnX4RMt1swFJHcs7Pc+hc":{"chainKey":{"counter":-1,"key":"6/nxmEPUmDHH8KqHCcow3R/1p32LC3rHVjtGeEh1+DM="},"chainType":1,"messageKeys":{}}}}},"version":"v1"}