{"_sessions":{"BaL82N9o4YuGWPSCF9DQX0aZYMa9OepTUFAqEcw9jJ1R":{"registrationId":1812821260,"currentRatchet":{"ephemeralKeyPair":{"pubKey":"BU1pK07aKd/27DyZL6O7fWoRzezBEFAGVWLIJVXlWzcO","privKey":"GIoIIbz4ho7WlFenn8xwHP8iZGmMI27qVsH8QaT4wWU="},"lastRemoteEphemeralKey":"BbOkRWDwHy5OB8aoMrU/eU3EiNclIDU8u2srpLuhzpQw","previousCounter":0,"rootKey":"5sUm1NmUoQQXjauFWVSOiBEE6cUkyQ+xH27JmWzO35A="},"indexInfo":{"baseKey":"BaL82N9o4YuGWPSCF9DQX0aZYMa9OepTUFAqEcw9jJ1R","baseKeyType":1,"closed":-1,"used":1738507892226,"created":1738507892226,"remoteIdentityKey":"Bbm+xGUB2B2QwZBaazn7AHP2Vc0YYDtjJBI70iBf7eUY"},"_chains":{"BU1pK07aKd/27DyZL6O7fWoRzezBEFAGVWLIJVXlWzcO":{"chainKey":{"counter":0,"key":"PFLad6zKs/C2fLsrRswG9HPV7Sgas4w/zsyFVFnE6jc="},"chainType":1,"messageKeys":{}}},"pendingPreKey":{"signedKeyId":8,"baseKey":"BaL82N9o4YuGWPSCF9DQX0aZYMa9OepTUFAqEcw9jJ1R","preKeyId":5108500}}},"version":"v1"}