{"_sessions":{"BQsuo86idDb/IPJr+5LII3i8NEhTm58O9MKT5i3Eu6ks":{"registrationId":425074781,"currentRatchet":{"ephemeralKeyPair":{"pubKey":"BUzvSpsWXJeeAm/H7ql33YO4A5NG9eVaoog8LjhxQc5/","privKey":"YN/Isj4EmLu0W2pljLaRudztIlTEdKzc7GSnctnz22Q="},"lastRemoteEphemeralKey":"Ba3d0H7CVp0eAxApdp+G7dMh7PDChzqo+gMSm2uJkCVX","previousCounter":0,"rootKey":"MtGU4ezHr4XVrUpfMLJry6vTyRAsmqXCDBUDw6hYtgY="},"indexInfo":{"baseKey":"BQsuo86idDb/IPJr+5LII3i8NEhTm58O9MKT5i3Eu6ks","baseKeyType":1,"closed":1738500826795,"used":1738500825509,"created":1738500825509,"remoteIdentityKey":"BcwgnLw3sCPoWDV59+pcDbiazBiUoYWQGiOb6lvA45Bl"},"_chains":{"BUzvSpsWXJeeAm/H7ql33YO4A5NG9eVaoog8LjhxQc5/":{"chainKey":{"counter":-1,"key":"0HOPmxWdDeGMTscpfaz/FkNxt+NAVcj41QRgt9x6wP8="},"chainType":1,"messageKeys":{}}},"pendingPreKey":{"signedKeyId":9,"baseKey":"BQsuo86idDb/IPJr+5LII3i8NEhTm58O9MKT5i3Eu6ks","preKeyId":5537122}},"Ba6wxMbCV3+qh8DxRBZ4QfAFxCGl+6qJxRsr7CzzXUBw":{"registrationId":425074781,"currentRatchet":{"ephemeralKeyPair":{"pubKey":"Bc50C2fPDmhipxjjKBqmSbYGa654lGQYnxMuADpT1Zpl","privKey":"mDpPRroIQEom3qrFZCXkm60dlBj61hoIzn8PEqvWU0I="},"lastRemoteEphemeralKey":"Ba3d0H7CVp0eAxApdp+G7dMh7PDChzqo+gMSm2uJkCVX","previousCounter":0,"rootKey":"ahBKX8G0YCcTEvxoPulhFw3tKbdujG2fVZQgBu8Z6kE="},"indexInfo":{"baseKey":"Ba6wxMbCV3+qh8DxRBZ4QfAFxCGl+6qJxRsr7CzzXUBw","baseKeyType":1,"closed":-1,"used":1738500826794,"created":1738500826794,"remoteIdentityKey":"BcwgnLw3sCPoWDV59+pcDbiazBiUoYWQGiOb6lvA45Bl"},"_chains":{"Bc50C2fPDmhipxjjKBqmSbYGa654lGQYnxMuADpT1Zpl":{"chainKey":{"counter":1,"key":"s4FWeC+u7dxlI7USpsRrCUw3XiKliyu7iAkIX2VE4UY="},"chainType":1,"messageKeys":{}}},"pendingPreKey":{"signedKeyId":9,"baseKey":"Ba6wxMbCV3+qh8DxRBZ4QfAFxCGl+6qJxRsr7CzzXUBw","preKeyId":5544344}}},"version":"v1"}