{"_sessions":{"BSDqXYRnEz35UH0YKF2cZ+41tEhoj0oCLdZcN78RkbpQ":{"registrationId":767779248,"currentRatchet":{"ephemeralKeyPair":{"pubKey":"BSTVO4SlPzsNAmo5vllUxEFtasbcFoVZFc1xIr16sY5K","privKey":"cArsQSUBkA80kC1dkvM5meetEYrDaFjsrq8nLOgQI3g="},"lastRemoteEphemeralKey":"BWcQrSoyfU+ivSETRcyx55M5K32q9kE7hgFEOmkF9Zhe","previousCounter":0,"rootKey":"XzMs6igFV0WWaj1tXLBDNnMDDes3gST9Kp+U4KfUZHs="},"indexInfo":{"baseKey":"BSDqXYRnEz35UH0YKF2cZ+41tEhoj0oCLdZcN78RkbpQ","baseKeyType":1,"closed":-1,"used":1738501656234,"created":1738501656234,"remoteIdentityKey":"BUvpCcSTllVQICHV5OxcbRXIVmKvNxt+7IAwwGWD4OJQ"},"_chains":{"BSTVO4SlPzsNAmo5vllUxEFtasbcFoVZFc1xIr16sY5K":{"chainKey":{"counter":0,"key":"dokmEIw5clIIH52h87QZmYqaXWrSlQtv5STecPbUf0w="},"chainType":1,"messageKeys":{}}},"pendingPreKey":{"signedKeyId":7,"baseKey":"BSDqXYRnEz35UH0YKF2cZ+41tEhoj0oCLdZcN78RkbpQ","preKeyId":16387345}}},"version":"v1"}