{"_sessions":{"BQObu0X8j2aJcIJRWNSulMGhVsmR9xF78iz4AjjnaV9b":{"registrationId":1328660503,"currentRatchet":{"ephemeralKeyPair":{"pubKey":"BekvzrjV0lBdDMufuajlO05ZdLXHZUdvi3NJLLNH28cN","privKey":"iO2Z2EUz/ezDY/h9WZGEIvFBtPiA5DWQUAtLZt5Uwn4="},"lastRemoteEphemeralKey":"BeSlmrWRmaW3b2cQ7viXGmBnmBS9tW2FbovJ/DLwuQRR","previousCounter":0,"rootKey":"zrCnTcHYKXojUsBpKZFTsLt6/4NYR5kKOEZrg87mEh4="},"indexInfo":{"baseKey":"BQObu0X8j2aJcIJRWNSulMGhVsmR9xF78iz4AjjnaV9b","baseKeyType":1,"closed":1738500826938,"used":1738500825543,"created":1738500825543,"remoteIdentityKey":"BYA5A8JvL3v/z9HTX6fW7cCg+4iBy/S8OhyO/8PY+wwB"},"_chains":{"BekvzrjV0lBdDMufuajlO05ZdLXHZUdvi3NJLLNH28cN":{"chainKey":{"counter":-1,"key":"+sG61iPmHvWpBTlbCULSArOE4Y4CPlNZJnmXs8NAiGU="},"chainType":1,"messageKeys":{}}},"pendingPreKey":{"signedKeyId":7,"baseKey":"BQObu0X8j2aJcIJRWNSulMGhVsmR9xF78iz4AjjnaV9b","preKeyId":3066307}},"BSxkLFLWh9G4rPTirAKFIcM1RsJO9LNgotUtiCYRjY1F":{"registrationId":1328660503,"currentRatchet":{"ephemeralKeyPair":{"pubKey":"BdKmhevPCZxtDv+zsec6OI82RCIzu06fYRpFdlsns5cY","privKey":"sJdOUsMV/LaC+FCVRVZqpZ4pQ6IpRgN5znHtToBQxns="},"lastRemoteEphemeralKey":"BeSlmrWRmaW3b2cQ7viXGmBnmBS9tW2FbovJ/DLwuQRR","previousCounter":0,"rootKey":"G6KtfOhOX3xFxF1jqfrBsZZL5laLjFORYUHhudMEtUE="},"indexInfo":{"baseKey":"BSxkLFLWh9G4rPTirAKFIcM1RsJO9LNgotUtiCYRjY1F","baseKeyType":1,"closed":-1,"used":1738500826937,"created":1738500826937,"remoteIdentityKey":"BYA5A8JvL3v/z9HTX6fW7cCg+4iBy/S8OhyO/8PY+wwB"},"_chains":{"BdKmhevPCZxtDv+zsec6OI82RCIzu06fYRpFdlsns5cY":{"chainKey":{"counter":1,"key":"MBeble3AjbqzozfDVtseR4CNZgsFaX2oh+sVZ/oB9Qc="},"chainType":1,"messageKeys":{}}},"pendingPreKey":{"signedKeyId":7,"baseKey":"BSxkLFLWh9G4rPTirAKFIcM1RsJO9LNgotUtiCYRjY1F","preKeyId":3066214}}},"version":"v1"}