{"_sessions":{"Bb94WthFBbgo8bAyTp26dj6Ba0LdEqfWzj1428G5XHYA":{"registrationId":321716820,"currentRatchet":{"ephemeralKeyPair":{"pubKey":"BUWA4f7f4fISjGvKG6pmFUwYB3S7ePCY5OEf5pqA1l4J","privKey":"YOxTjlbPtIUGBrCdPauU077NAZvnhzgLGecMurHGw24="},"lastRemoteEphemeralKey":"BQkG4ZG9UR13fr3I+uhUfjJKSOL9M89JWXDawQ5UustH","previousCounter":0,"rootKey":"wLSPLbufl/2XmiOgFhvh2ORVS2Ag2eu98uS4pW3x+TY="},"indexInfo":{"baseKey":"Bb94WthFBbgo8bAyTp26dj6Ba0LdEqfWzj1428G5XHYA","baseKeyType":1,"closed":-1,"used":1738501651929,"created":1738501651929,"remoteIdentityKey":"BTEw+2Fhwl5v5L174mJK2NWI4L6U+ZWooJo4XRK8qSpo"},"_chains":{"BUWA4f7f4fISjGvKG6pmFUwYB3S7ePCY5OEf5pqA1l4J":{"chainKey":{"counter":0,"key":"zB7NhF4Ndqwx/XqKrOfmNmK6NvRw5Ta5EG4OJnLyRkw="},"chainType":1,"messageKeys":{}}},"pendingPreKey":{"signedKeyId":22,"baseKey":"Bb94WthFBbgo8bAyTp26dj6Ba0LdEqfWzj1428G5XHYA","preKeyId":624107}}},"version":"v1"}