{"_sessions":{"BSwWJNtFUo0vFi25mFi6bzC/emogdS2dzJe1RSpjNVdS":{"registrationId":23197943,"currentRatchet":{"ephemeralKeyPair":{"pubKey":"BZaca3OQhiw5gOM/RiMUtvCVUfcpYJ21BiQUyO/1JGwY","privKey":"IA+MdHW95XksfIbwHWDJryybeKQhqDnqZ+MqRSA1RVo="},"lastRemoteEphemeralKey":"BdNLs3qSHZPoqxW5NzF4AvzQpyFv7c0Gtfe75JTcebhi","previousCounter":0,"rootKey":"tgzIFP9WwDniDpI03TtY1has4h0hYCuGjmLPxWwalIA="},"indexInfo":{"baseKey":"BSwWJNtFUo0vFi25mFi6bzC/emogdS2dzJe1RSpjNVdS","baseKeyType":1,"closed":-1,"used":1738620619634,"created":1738501657468,"remoteIdentityKey":"BZWUkxAznGzDDItwbrUzw54hmxe8209uw/pVWv+Qfeg2"},"_chains":{"BdNLs3qSHZPoqxW5NzF4AvzQpyFv7c0Gtfe75JTcebhi":{"chainKey":{"counter":1,"key":"xJNjLMVey90qhJqxO9cRPdKsEapXdC2VXFajRjCpECA="},"chainType":2,"messageKeys":{"0":"DxLBUoRjbix/E75zhdSsFatYFWmdjyfjWZbAYolk0+s="}},"BZaca3OQhiw5gOM/RiMUtvCVUfcpYJ21BiQUyO/1JGwY":{"chainKey":{"counter":-1,"key":"9vO9Ozh5XF4bHWYUGXm+4G9cj4tS8AOQyqXUD1OvnJo="},"chainType":1,"messageKeys":{}}}}},"version":"v1"}