{"_sessions":{"BVP+75r1ohywNF85sTuQuxa++s3nEF9uKRVbUA2SAQki":{"registrationId":554491374,"currentRatchet":{"ephemeralKeyPair":{"pubKey":"BbdtlF2sMv6Al0hsRcdjMFXGJLmmoxWDXhBM5QpjSmI8","privKey":"8H09NKaZyh2C0fv9+cfIZ74f4FVw0gNcNNOMaeuud1Q="},"lastRemoteEphemeralKey":"BV4UgCh7c/MZ+bM5K/y9Jn6iL/6ZPkY9BswlR+uRTFs3","previousCounter":0,"rootKey":"+5fAoIbNN6QkmYr0kH/LB1NfLhg0/mujrEDcBtP3/H0="},"indexInfo":{"baseKey":"BVP+75r1ohywNF85sTuQuxa++s3nEF9uKRVbUA2SAQki","baseKeyType":1,"closed":-1,"used":1738507892044,"created":1738507892044,"remoteIdentityKey":"BYqIjdb79ditepoGPYjmIkItE8Sup+nu/MKbXOa1XY8N"},"_chains":{"BbdtlF2sMv6Al0hsRcdjMFXGJLmmoxWDXhBM5QpjSmI8":{"chainKey":{"counter":0,"key":"+7vdQDQH5J2lqBc2LJG7YT5f977MumuFw7grDSWVc+Q="},"chainType":1,"messageKeys":{}}},"pendingPreKey":{"signedKeyId":1,"baseKey":"BVP+75r1ohywNF85sTuQuxa++s3nEF9uKRVbUA2SAQki","preKeyId":2779107}}},"version":"v1"}