{"_sessions":{"BfWkpbVieuJ7gpVubY1ZBDUHVF9cY63GMP9Y0GYD94Ez":{"registrationId":1443754406,"currentRatchet":{"ephemeralKeyPair":{"pubKey":"BY8R3eoMVpGPpUnZCMNT6Kxx4A8EXNw5d4ln8dtKA7kL","privKey":"8HXMU87BOMei4sSMFF02p0ejxZBC/kUK4tdvlIAlX2o="},"lastRemoteEphemeralKey":"BXgDTCOdSOmxczWYbWy3iJFGc2Zx3Yy+j7nbwKCiLB1r","previousCounter":0,"rootKey":"tNjgivCEAjRnj0caItWLkcMcLde2KdrIQcOQUtcsvIg="},"indexInfo":{"baseKey":"BfWkpbVieuJ7gpVubY1ZBDUHVF9cY63GMP9Y0GYD94Ez","baseKeyType":1,"closed":-1,"used":1738507892152,"created":1738507892152,"remoteIdentityKey":"BbQCCgGS6Z80K2WbvK36bJ/Z4WNCtZV6TOIAzlV6Sz90"},"_chains":{"BY8R3eoMVpGPpUnZCMNT6Kxx4A8EXNw5d4ln8dtKA7kL":{"chainKey":{"counter":0,"key":"rNGpnPzFbAUPd22WEhxufmDEuG55tsuc9am+XGzt0zo="},"chainType":1,"messageKeys":{}}},"pendingPreKey":{"signedKeyId":42,"baseKey":"BfWkpbVieuJ7gpVubY1ZBDUHVF9cY63GMP9Y0GYD94Ez","preKeyId":12834601}}},"version":"v1"}