{"_sessions":{"BZlbMEIYEGdubdOhILSEilDrzB1Hc+L6SDeYKR+izsxH":{"registrationId":1475006279,"currentRatchet":{"ephemeralKeyPair":{"pubKey":"BZ6sxYUn8L613/VJNSh+opNeJaoyoGcuDWyx2cD24RN9","privKey":"qJWmB2qy4w+Q2YvfRSwlA0thFbezbFQfQh1sb8MOllY="},"lastRemoteEphemeralKey":"BT9qEEM45yVSIsCFZ0d3grIdzqOQcP/9LAl6WvRAxo4C","previousCounter":0,"rootKey":"6UYAI+I7BJz+YHnafgmrzo3WmOcMyylJkI7hs5J+rHk="},"indexInfo":{"baseKey":"BZlbMEIYEGdubdOhILSEilDrzB1Hc+L6SDeYKR+izsxH","baseKeyType":1,"closed":-1,"used":1738501653854,"created":1738501653854,"remoteIdentityKey":"BQNi+Bpmc8QJxHTm7VNAOh8/Ik6LmFhVY9cAENsd5VNc"},"_chains":{"BZ6sxYUn8L613/VJNSh+opNeJaoyoGcuDWyx2cD24RN9":{"chainKey":{"counter":0,"key":"4CrQmZLY41VP8DMKTSQGrDE07XRJknN2C6ZwA0Z4dms="},"chainType":1,"messageKeys":{}}},"pendingPreKey":{"signedKeyId":4,"baseKey":"BZlbMEIYEGdubdOhILSEilDrzB1Hc+L6SDeYKR+izsxH","preKeyId":8397821}}},"version":"v1"}