{"_sessions":{"BRvCJKB7ylEOtUlTlRNl8B8CWx0WgbQcTLJ2JII7D00Z":{"registrationId":1049344103,"currentRatchet":{"ephemeralKeyPair":{"pubKey":"BVYXTRp6DYOY9MF/L36HG+3pu1yqo5ubAajp5wkPsEl/","privKey":"2FN/G27raamusTVy3++gz3PjitvRH7NpANFI76SPvlI="},"lastRemoteEphemeralKey":"BRNdNqxG3Rxkg3d9EDPoykWIcxDsmvwTBBu5qplKxToo","previousCounter":0,"rootKey":"PkZNRe01aI0Kerajwiixw067FOcIkZ4h64etN+1IHhc="},"indexInfo":{"baseKey":"BRvCJKB7ylEOtUlTlRNl8B8CWx0WgbQcTLJ2JII7D00Z","baseKeyType":1,"closed":1738500827214,"used":1738500825598,"created":1738500825598,"remoteIdentityKey":"BYfAi6v8nVZns6VoShxS42EvZIatWW3pjWKwS3wKiCUf"},"_chains":{"BVYXTRp6DYOY9MF/L36HG+3pu1yqo5ubAajp5wkPsEl/":{"chainKey":{"counter":-1,"key":"THj8WBwN7mMW0K31/W7rqZ3E6gzki2NVbgOKXoWagkk="},"chainType":1,"messageKeys":{}}},"pendingPreKey":{"signedKeyId":4,"baseKey":"BRvCJKB7ylEOtUlTlRNl8B8CWx0WgbQcTLJ2JII7D00Z","preKeyId":16341110}},"Be5dhT9WGgEHwZUT4mXnmbGZjUicQpDUtHJqBBIaiYMk":{"registrationId":1049344103,"currentRatchet":{"ephemeralKeyPair":{"pubKey":"BVhzHdiwiCv1Y1BYiwBCVH887fdv3lSUAaceheJX/Ld4","privKey":"kPALeGRJIPs11BCAuVLMkVRWIpypHSX/SuL9WQVZy1M="},"lastRemoteEphemeralKey":"BRNdNqxG3Rxkg3d9EDPoykWIcxDsmvwTBBu5qplKxToo","previousCounter":0,"rootKey":"vWkTBMiPUiiGQDQsBuzi2iRmqHj76mC9NKDe+4BZxLE="},"indexInfo":{"baseKey":"Be5dhT9WGgEHwZUT4mXnmbGZjUicQpDUtHJqBBIaiYMk","baseKeyType":1,"closed":-1,"used":1738500827213,"created":1738500827213,"remoteIdentityKey":"BYfAi6v8nVZns6VoShxS42EvZIatWW3pjWKwS3wKiCUf"},"_chains":{"BVhzHdiwiCv1Y1BYiwBCVH887fdv3lSUAaceheJX/Ld4":{"chainKey":{"counter":1,"key":"fiTjV6jpIQue1pBI7CdWZhjA7xJ82iiTdB1RvIQBXjk="},"chainType":1,"messageKeys":{}}},"pendingPreKey":{"signedKeyId":4,"baseKey":"Be5dhT9WGgEHwZUT4mXnmbGZjUicQpDUtHJqBBIaiYMk","preKeyId":16335753}}},"version":"v1"}