{"_sessions":{"BT2UQ4Cw5h0ftDiRhjDq6v/D0DZELzL6irNFooDsEcFc":{"registrationId":1104668384,"currentRatchet":{"ephemeralKeyPair":{"pubKey":"BZ2OmJ9/2wpXvXgNhPAH+2x04y6a4b/PWwdJcB0kznh6","privKey":"YB8adMsQMl+uTPtfDTqvaNvGLJ9GkV/NKGzhG/W0o2A="},"lastRemoteEphemeralKey":"BfgL+ShmEtdzgN6KWGhegwDp8oz6lknIWX5sakBM2DMJ","previousCounter":0,"rootKey":"0uBWMWCR2KaKrQWie1FVekHVA8KG4Oxypm8dp6T//Ms="},"indexInfo":{"baseKey":"BT2UQ4Cw5h0ftDiRhjDq6v/D0DZELzL6irNFooDsEcFc","baseKeyType":1,"closed":-1,"used":1738501656374,"created":1738501656374,"remoteIdentityKey":"BQtJS5+X40TuWj4hSnYx4yl19GwAMalbccmEw6TPHvIL"},"_chains":{"BZ2OmJ9/2wpXvXgNhPAH+2x04y6a4b/PWwdJcB0kznh6":{"chainKey":{"counter":0,"key":"Ct5KTqxhVHPbCbSx7ahT+bL8K6UsX7r8mDBAEyE0ou4="},"chainType":1,"messageKeys":{}}},"pendingPreKey":{"signedKeyId":17,"baseKey":"BT2UQ4Cw5h0ftDiRhjDq6v/D0DZELzL6irNFooDsEcFc","preKeyId":12285639}}},"version":"v1"}