{"_sessions":{"BWDh1wZ+5KSeeOHVLYP0i5wSmOmag8YgMyIO/SvOlhpr":{"registrationId":1263323393,"currentRatchet":{"ephemeralKeyPair":{"pubKey":"BYye7CdM1kraTgXLRJV0a3M/AHHOWrwANwZ0eIJ5WKYQ","privKey":"KABrtXmApMIem1pD3kES7TZQIONJ5J67eLPBxGHGk2I="},"lastRemoteEphemeralKey":"BXFsSDEu82wXDiZWMYRXHnGQodyRYWyr88ARsrHhOzw7","previousCounter":0,"rootKey":"4LHgwEUaxK609aemm9LFXeNuJgF52mSyOe896ccmYpU="},"indexInfo":{"baseKey":"BWDh1wZ+5KSeeOHVLYP0i5wSmOmag8YgMyIO/SvOlhpr","baseKeyType":1,"closed":-1,"used":1738571514277,"created":1738571514277,"remoteIdentityKey":"BR1UVM2LuvY5GuvVnBwTdYNnj7JdO2FvTI2cqhM1oipS"},"_chains":{"BYye7CdM1kraTgXLRJV0a3M/AHHOWrwANwZ0eIJ5WKYQ":{"chainKey":{"counter":0,"key":"CCpfkWtBvEXdCZ678DS0so6JCaVFbJWejqDDIVRBPJM="},"chainType":1,"messageKeys":{}}},"pendingPreKey":{"signedKeyId":1,"baseKey":"BWDh1wZ+5KSeeOHVLYP0i5wSmOmag8YgMyIO/SvOlhpr","preKeyId":20}}},"version":"v1"}