{"_sessions":{"BdAc+YG17AEwpFxYWuIKhhLBmF08wCOPonrwfKMnW6Qs":{"registrationId":1024376280,"currentRatchet":{"ephemeralKeyPair":{"pubKey":"Bd+rE021QxvfzqZn0ZiJIMe8vAmTn4cGym2TWKNKN6Um","privKey":"kGzVAHgjLyCpn1dtLbQDIDY7sotUYKNOwajSzYWyxUI="},"lastRemoteEphemeralKey":"BQB31N+CPTzSU5mcDEEnJPDXdLAcQMZEPIRuRPzoK6FN","previousCounter":0,"rootKey":"+2sBd782BnUYmSidmy2uXuPGNg8CdAeXH1nzXzYTzCc="},"indexInfo":{"baseKey":"BdAc+YG17AEwpFxYWuIKhhLBmF08wCOPonrwfKMnW6Qs","baseKeyType":1,"closed":1738500827032,"used":1738500825563,"created":1738500825563,"remoteIdentityKey":"BfpFqRwX/fFIPUXanaZB8j7pMPTiUZHN1T76gIaH/wFB"},"_chains":{"Bd+rE021QxvfzqZn0ZiJIMe8vAmTn4cGym2TWKNKN6Um":{"chainKey":{"counter":-1,"key":"xjG0rCwaqOBu7NVatP7P3aBUXmhKV4lU07SautxwWNA="},"chainType":1,"messageKeys":{}}},"pendingPreKey":{"signedKeyId":9,"baseKey":"BdAc+YG17AEwpFxYWuIKhhLBmF08wCOPonrwfKMnW6Qs","preKeyId":9919750}},"BbJjE73LN0niYjklhLMhEwzKV3084krzQodr3VZp/Fll":{"registrationId":1024376280,"currentRatchet":{"ephemeralKeyPair":{"pubKey":"BSNFJbmLOpGHJxEQfu5AB9E8B1NDzy7bp9NksKQf0t4y","privKey":"oL1cviJR15uwEHgpyw7cE6uzDT9nBC2r7YzkPbOdh0U="},"lastRemoteEphemeralKey":"BQB31N+CPTzSU5mcDEEnJPDXdLAcQMZEPIRuRPzoK6FN","previousCounter":0,"rootKey":"DaZS6+eLiwa+qIJwYgALga52V/BXMCY3g0oQpA7Chtc="},"indexInfo":{"baseKey":"BbJjE73LN0niYjklhLMhEwzKV3084krzQodr3VZp/Fll","baseKeyType":1,"closed":-1,"used":1738500827031,"created":1738500827031,"remoteIdentityKey":"BfpFqRwX/fFIPUXanaZB8j7pMPTiUZHN1T76gIaH/wFB"},"_chains":{"BSNFJbmLOpGHJxEQfu5AB9E8B1NDzy7bp9NksKQf0t4y":{"chainKey":{"counter":1,"key":"wRoqZ9RZ4kl+OD1oSzMAl+4Oo8oUHe2TAyFeO5KFy44="},"chainType":1,"messageKeys":{}}},"pendingPreKey":{"signedKeyId":9,"baseKey":"BbJjE73LN0niYjklhLMhEwzKV3084krzQodr3VZp/Fll","preKeyId":9919762}}},"version":"v1"}