{"_sessions":{"BZsPwAOHSB4nlji0Cyt3szxUm5Xql+JVZ4awP8hcJ7VD":{"registrationId":1227051474,"currentRatchet":{"ephemeralKeyPair":{"pubKey":"BVjiIkiLgSFVHoqO/eH1Qn9kk4g89QLEUp+Vu3iv9hNv","privKey":"6ERCbofTH4Nldbr/8WCBkMRhnyDWUcy1WF0yju7G0XY="},"lastRemoteEphemeralKey":"BZi08dcseJQ16/kO3oeRY7+yRdZzfaq4PB7yZHkJ1TQi","previousCounter":0,"rootKey":"kZ2YRJfQgEFVW0+DPMEnlxiCIHqW0VDoaqiix+d831k="},"indexInfo":{"baseKey":"BZsPwAOHSB4nlji0Cyt3szxUm5Xql+JVZ4awP8hcJ7VD","baseKeyType":1,"closed":-1,"used":1738620606501,"created":1738501654099,"remoteIdentityKey":"BYY7y6kVhEWr+vOL57ex39S7y2xyrIRNvZqkMuDrsMgQ"},"_chains":{"BZi08dcseJQ16/kO3oeRY7+yRdZzfaq4PB7yZHkJ1TQi":{"chainKey":{"counter":1,"key":"vIETvaVDKjKvhMDCG+YPee3mY88NvGXN8NvQfcVP0iI="},"chainType":2,"messageKeys":{}},"BVjiIkiLgSFVHoqO/eH1Qn9kk4g89QLEUp+Vu3iv9hNv":{"chainKey":{"counter":-1,"key":"ktvGTgFdf7w5LoFI1Jpw891BugNA4Ttjj35ZaF6P0eg="},"chainType":1,"messageKeys":{}}}}},"version":"v1"}