{"_sessions":{"Bc+LMPyNdZNonqMGjWbc+z6rqhGCQ569FycxVN5mC/Iw":{"registrationId":72393464,"currentRatchet":{"ephemeralKeyPair":{"pubKey":"Bam36gGORNqMJ3suOMNrHSys/AnG27Tk7zxd4BPVc8xo","privKey":"0BhcoNcINMXbIUcamrvARGliQbom0mCAmSfLXVzQq2Y="},"lastRemoteEphemeralKey":"BfcfhIBbEzl1Ry4SZX7F/sXdAamJCW/nBkXIXjfyJN5J","previousCounter":0,"rootKey":"LjwJsMJqpvYt05uLDx0nbzvdfdKiMMRJh1nY72fK5ts="},"indexInfo":{"baseKey":"Bc+LMPyNdZNonqMGjWbc+z6rqhGCQ569FycxVN5mC/Iw","baseKeyType":1,"closed":-1,"used":1738507892069,"created":1738507892069,"remoteIdentityKey":"BUadO1zmFmH8GHZLKzwgd2dNB+mcozQUhYsl+/3HX+5v"},"_chains":{"Bam36gGORNqMJ3suOMNrHSys/AnG27Tk7zxd4BPVc8xo":{"chainKey":{"counter":0,"key":"9v0xY2uue6QoQWnK/JF3cO4RWBmi1dfyI4EhlKJ/vZg="},"chainType":1,"messageKeys":{}}},"pendingPreKey":{"signedKeyId":1,"baseKey":"Bc+LMPyNdZNonqMGjWbc+z6rqhGCQ569FycxVN5mC/Iw"}}},"version":"v1"}