{"_sessions":{"BZQq/kE5idcDwZfoEyy/QsUquq+MP9tKtqUI+QfeGjUL":{"registrationId":1553271984,"currentRatchet":{"ephemeralKeyPair":{"pubKey":"BZdUqRMe/VZr9hu1Qb+CjCegTu3j2NyR2hCUFpInAO9A","privKey":"0DFFlZ+oa2VspN8VfVz2OIZRd1NMT2eZ8+DLkJA7ClQ="},"lastRemoteEphemeralKey":"BQq4qegB8EPinYLSHSJy1gwok7nCY0ZS23VUfuju3iJ3","previousCounter":0,"rootKey":"KWa8hPncs3zxQhFeRvvKiBz2Wl0JT3VAV+lrxXmxyBQ="},"indexInfo":{"baseKey":"BZQq/kE5idcDwZfoEyy/QsUquq+MP9tKtqUI+QfeGjUL","baseKeyType":1,"closed":-1,"used":1738507892256,"created":1738507892256,"remoteIdentityKey":"BSuJY67uYAdbqgx2SY4Gk1tfX458ycLdn+VO8OshLqxa"},"_chains":{"BZdUqRMe/VZr9hu1Qb+CjCegTu3j2NyR2hCUFpInAO9A":{"chainKey":{"counter":0,"key":"SzN0rO2HlRUnv9kXJgsyLHYJBfb4AISEOZgyYRVEfso="},"chainType":1,"messageKeys":{}}},"pendingPreKey":{"signedKeyId":0,"baseKey":"BZQq/kE5idcDwZfoEyy/QsUquq+MP9tKtqUI+QfeGjUL","preKeyId":7943777}}},"version":"v1"}