{"_sessions":{"BYk6EZpvaS1ZbZnHBPeoJKVQxlYKdn5BG2jedOGurItI":{"registrationId":610506398,"currentRatchet":{"ephemeralKeyPair":{"pubKey":"BYcH2AvGLewPjY0kSRbKnPdYp0oAObQgU4QXYoZd1txk","privKey":"iPOu/dUMPl+aPYeSSyCIXbBtXBwXdKcTwc6mKqfPB2c="},"lastRemoteEphemeralKey":"BaRZXU4ddnNyYrAmzJ7F6AeV9XmvSAA9a9Ra8/jxl1J7","previousCounter":0,"rootKey":"6gXnI6v6KvmVCP35Cdv4JmgOo8DMin9HobTdQ9NK0YM="},"indexInfo":{"baseKey":"BYk6EZpvaS1ZbZnHBPeoJKVQxlYKdn5BG2jedOGurItI","baseKeyType":1,"closed":-1,"used":1738620606502,"created":1738501651891,"remoteIdentityKey":"BSN4zRG6E3jYPFwjQf/42hogMy6hXsklf7mXXhK7WOUP"},"_chains":{"BaRZXU4ddnNyYrAmzJ7F6AeV9XmvSAA9a9Ra8/jxl1J7":{"chainKey":{"counter":1,"key":"yGP3ObJpLGdifHKWkrP09sbc/b4Ql+d3VN7SU7pHAkw="},"chainType":2,"messageKeys":{}},"BYcH2AvGLewPjY0kSRbKnPdYp0oAObQgU4QXYoZd1txk":{"chainKey":{"counter":-1,"key":"G54QTJ7XRh1jtuQBdk6GKuAL/O5oFJxuTBUxKfSJIq4="},"chainType":1,"messageKeys":{}}}}},"version":"v1"}