{"_sessions":{"BVh+EoCPojd4AWbdLl/ffy0VqwFn04RxEKmUsUU8YhUI":{"registrationId":723983571,"currentRatchet":{"ephemeralKeyPair":{"pubKey":"BTve2BKJtCH6Q/4K2zzRKb8tMPMwXvPUkHdhGxiwXOlI","privKey":"IK7FC0Fw29y/Hss6yyfNp1DVy5RZgInieeyj5uvOWVE="},"lastRemoteEphemeralKey":"Bdmr10MAn+2RmAW57vZl14AkItpOejZoF8IJu0/Tuyhz","previousCounter":0,"rootKey":"vtdkc/D13L/qjXIaCsWgVYZvG375tElXXV3WVe0Kpgs="},"indexInfo":{"baseKey":"BVh+EoCPojd4AWbdLl/ffy0VqwFn04RxEKmUsUU8YhUI","baseKeyType":1,"closed":-1,"used":1738620618452,"created":1738501654213,"remoteIdentityKey":"BbwZMTFQbS9/TTHN2oFWfeYPVAgL39Mz9qa+v3uaH7IB"},"_chains":{"Bdmr10MAn+2RmAW57vZl14AkItpOejZoF8IJu0/Tuyhz":{"chainKey":{"counter":1,"key":"Mf8hA/JvXLz8nXSkGYCtyl8tnPp4FwoXGqqUiupOnZM="},"chainType":2,"messageKeys":{}},"BTve2BKJtCH6Q/4K2zzRKb8tMPMwXvPUkHdhGxiwXOlI":{"chainKey":{"counter":-1,"key":"5PTdnQ9kqQJytND2i8qq+hrArVstY6w3s4YnVetyWCs="},"chainType":1,"messageKeys":{}}}}},"version":"v1"}