{"_sessions":{"BTZ7bqDFImfqk8vjqFWSACUeXswZLm70QB3xNrFsoJca":{"registrationId":948838204,"currentRatchet":{"ephemeralKeyPair":{"pubKey":"BbQTyBa6B9RDdpn51HRvPkIBkbNGAlhr2+OHb4fDutge","privKey":"CKnuPMDZQytQCT/8pU5pEtAr6FfPecMvgtsnAf7/gW0="},"lastRemoteEphemeralKey":"BUDeGB+ZKuRVHBbuXifZ/psI1PIBF++RIPPJqkpHrh9j","previousCounter":0,"rootKey":"e1bfAMSF3QddeG0JFrH5lTnp+7gOpPEwuR3Y4WVuy98="},"indexInfo":{"baseKey":"BTZ7bqDFImfqk8vjqFWSACUeXswZLm70QB3xNrFsoJca","baseKeyType":1,"closed":1738500827597,"used":1738500825664,"created":1738500825664,"remoteIdentityKey":"Bb/9W99ud2/RxwTzL5z4wj6g5TtBZqWSfw6r4w/aw2oU"},"_chains":{"BbQTyBa6B9RDdpn51HRvPkIBkbNGAlhr2+OHb4fDutge":{"chainKey":{"counter":-1,"key":"6HAQgt8mPm7H0T73Bvdynp4g9fdw6r5Ns3Ui4DY3bXo="},"chainType":1,"messageKeys":{}}},"pendingPreKey":{"signedKeyId":3,"baseKey":"BTZ7bqDFImfqk8vjqFWSACUeXswZLm70QB3xNrFsoJca","preKeyId":47712}},"BR/W77I7V5+WDl4iHeI/8A8+yCBQHgndPF6qTnKavG0u":{"registrationId":948838204,"currentRatchet":{"ephemeralKeyPair":{"pubKey":"BdeE/kHZJdboAxxoPj7/Kb9ZMgX1tutODgYYjvQgXYgZ","privKey":"MP64cICjHplCf2oBHneovIuGfTDyF29vvenlq8InXHo="},"lastRemoteEphemeralKey":"BUDeGB+ZKuRVHBbuXifZ/psI1PIBF++RIPPJqkpHrh9j","previousCounter":0,"rootKey":"0L5CYdEVBiWazWvOZ0JXrGDNsjdTCHw5UCclkZ39VAk="},"indexInfo":{"baseKey":"BR/W77I7V5+WDl4iHeI/8A8+yCBQHgndPF6qTnKavG0u","baseKeyType":1,"closed":-1,"used":1738500827596,"created":1738500827596,"remoteIdentityKey":"Bb/9W99ud2/RxwTzL5z4wj6g5TtBZqWSfw6r4w/aw2oU"},"_chains":{"BdeE/kHZJdboAxxoPj7/Kb9ZMgX1tutODgYYjvQgXYgZ":{"chainKey":{"counter":1,"key":"q3764uiTsb2AIoLOTZEfBG0rYYtODIj4wCKwmd9wrE4="},"chainType":1,"messageKeys":{}}},"pendingPreKey":{"signedKeyId":3,"baseKey":"BR/W77I7V5+WDl4iHeI/8A8+yCBQHgndPF6qTnKavG0u","preKeyId":47083}}},"version":"v1"}