{"_sessions":{"BRhzvnpWRQGJi5UOWpPy27lxbyaeNaCyViLvgKPnAboz":{"registrationId":103,"currentRatchet":{"ephemeralKeyPair":{"pubKey":"BeA3yXfdSH59Xw6wBTtDxF/wl6dfZbBrQMuAYX0kKcF1","privKey":"uB+nSabHFQZ/zPIsBbE3b6vuNYonSoB+wi1KNOO6PGM="},"lastRemoteEphemeralKey":"Be/2xw36eQeuqX+096tFxbP4lQ3eQbQAHBPI0DlbLn5R","previousCounter":0,"rootKey":"VU0dExKoI7ZCCP4Zm61ao/UCa09uVskWy9OUX4v+pUk="},"indexInfo":{"baseKey":"BRhzvnpWRQGJi5UOWpPy27lxbyaeNaCyViLvgKPnAboz","baseKeyType":1,"closed":-1,"used":1738507892026,"created":1738507892026,"remoteIdentityKey":"BZxOSNWkgwpNhJGjbCXlps8es7LSmH/aTdSn5F688m1i"},"_chains":{"BeA3yXfdSH59Xw6wBTtDxF/wl6dfZbBrQMuAYX0kKcF1":{"chainKey":{"counter":2,"key":"Q5Hw8hReqjA4KNq8ILzSRa3kFHRK+sGYhCu4Wz6Tf50="},"chainType":1,"messageKeys":{}}},"pendingPreKey":{"signedKeyId":1,"baseKey":"BRhzvnpWRQGJi5UOWpPy27lxbyaeNaCyViLvgKPnAboz"}}},"version":"v1"}