{"_sessions":{"BQ3N6vA9He2K3XPhvwkTIPxcHU59bC/szDIIB5Fll/9W":{"registrationId":1101627399,"currentRatchet":{"ephemeralKeyPair":{"pubKey":"BfGbpJ0oRHR3tTtM84r4tdEkHA0a+2Lc6v/7ouZlmTx5","privKey":"SKtL4rWYjYAZ2+PAentAtGXXYgLGrXKU6S1LyFHFKHw="},"lastRemoteEphemeralKey":"BaSNyCQrScyoIB3nb+qkBdJ8BJM8Eb4yoVhdCMp/k0Vr","previousCounter":0,"rootKey":"XNfrk43++XhDokmlK3lZZuz6mxgN5OaEhKwoVypEWkw="},"indexInfo":{"baseKey":"BQ3N6vA9He2K3XPhvwkTIPxcHU59bC/szDIIB5Fll/9W","baseKeyType":1,"closed":-1,"used":1738620604824,"created":1738501656296,"remoteIdentityKey":"BRQ4Kg0S5agIjq2duJBEneGJrFbZnYm0lGHP1JAIEfVY"},"_chains":{"BaSNyCQrScyoIB3nb+qkBdJ8BJM8Eb4yoVhdCMp/k0Vr":{"chainKey":{"counter":1,"key":"ECR36chGvG1w3bXu5OJs7S0E4FKWwTnBZEbP+bJPObc="},"chainType":2,"messageKeys":{}},"BfGbpJ0oRHR3tTtM84r4tdEkHA0a+2Lc6v/7ouZlmTx5":{"chainKey":{"counter":-1,"key":"Nboq82wsyrhuYYlvyKIYQwn3YxHD6UhNK1x12PHZm6A="},"chainType":1,"messageKeys":{}}}}},"version":"v1"}