{"_sessions":{"BRUEsLMnZUnC3fbVaR0aY4PbAtiyki/3bJq8EsnAQGZn":{"registrationId":1765152557,"currentRatchet":{"ephemeralKeyPair":{"pubKey":"Bef7uivWfXgNByXI9JbEJ+hf7/e1ghMeKwj52QTkNZcw","privKey":"4FlALroDPkEwebxix/sSB+yNQAGDuEVlFsWSGk2NEU8="},"lastRemoteEphemeralKey":"BY2fUpI+aJ89bHF2kcpCPxJkClfZqQ9GIchBqxjUz4Ao","previousCounter":0,"rootKey":"aazUUS0oo9K7wnhEsuVMrhm5zn3lcsVcJdKktcyN/Lw="},"indexInfo":{"baseKey":"BRUEsLMnZUnC3fbVaR0aY4PbAtiyki/3bJq8EsnAQGZn","baseKeyType":1,"closed":1738500826496,"used":1738500825434,"created":1738500825434,"remoteIdentityKey":"BQNjuGZv6kZ8xzyHzInLntBALYDCU8Lq2+y4aT6UCr9k"},"_chains":{"Bef7uivWfXgNByXI9JbEJ+hf7/e1ghMeKwj52QTkNZcw":{"chainKey":{"counter":-1,"key":"oCAd5vz3haz1I/M0FOulvBuxaCJwFtHnFGVfb6QmuOU="},"chainType":1,"messageKeys":{}}},"pendingPreKey":{"signedKeyId":2,"baseKey":"BRUEsLMnZUnC3fbVaR0aY4PbAtiyki/3bJq8EsnAQGZn","preKeyId":9919945}},"BQOzSN+1jk7HyvDr9lTrBlWIALT1qmXl/v70exgiR8sb":{"registrationId":1765152557,"currentRatchet":{"ephemeralKeyPair":{"pubKey":"BW6wBlBqs13xNLsSmp+48iLcX1Z5LPHEZ3AHRjknAM4h","privKey":"YAHPyUb9oMl9oANrKIhKdFNF0bOeq2zHFWsq/JuVpXA="},"lastRemoteEphemeralKey":"BY2fUpI+aJ89bHF2kcpCPxJkClfZqQ9GIchBqxjUz4Ao","previousCounter":0,"rootKey":"Y4mFgycwzU+3hgSBcDpkNo2Q16MtAsX1so/AZttvO5c="},"indexInfo":{"baseKey":"BQOzSN+1jk7HyvDr9lTrBlWIALT1qmXl/v70exgiR8sb","baseKeyType":1,"closed":-1,"used":1738500826467,"created":1738500826467,"remoteIdentityKey":"BQNjuGZv6kZ8xzyHzInLntBALYDCU8Lq2+y4aT6UCr9k"},"_chains":{"BW6wBlBqs13xNLsSmp+48iLcX1Z5LPHEZ3AHRjknAM4h":{"chainKey":{"counter":1,"key":"KaFMiNAhGGz+wyLq0/k2S+MWbUPk//kj5nfPe7nW3V8="},"chainType":1,"messageKeys":{}}},"pendingPreKey":{"signedKeyId":2,"baseKey":"BQOzSN+1jk7HyvDr9lTrBlWIALT1qmXl/v70exgiR8sb","preKeyId":9919929}}},"version":"v1"}