{"_sessions":{"BfW6GIl/2uGqAgkOIti8CepDeQha6Y9wwV6OU1dCZNBl":{"registrationId":1693632897,"currentRatchet":{"ephemeralKeyPair":{"pubKey":"BeJ/izu2qPhpBtmLGma5xudECOQrRfGp/EAJO+MsNE1b","privKey":"WD6YD3a//tx8O/P6MZwIZ+nVxWVECBqES+BkfFJR3Us="},"lastRemoteEphemeralKey":"BeP7pOlL3AqzNCN/g0cVB+kws4RYTpKL96SAvIY722U9","previousCounter":0,"rootKey":"YaJJmyVGy0KfZRChbhLkUq+RA4h0qgbftKmtj+zN1RY="},"indexInfo":{"baseKey":"BfW6GIl/2uGqAgkOIti8CepDeQha6Y9wwV6OU1dCZNBl","baseKeyType":1,"closed":-1,"used":1738620607988,"created":1738501654087,"remoteIdentityKey":"BcSRhankaz046u/n/vASmIAhF1cweR3N/St9GPH9B4s+"},"_chains":{"BeP7pOlL3AqzNCN/g0cVB+kws4RYTpKL96SAvIY722U9":{"chainKey":{"counter":1,"key":"ECi0v+c7fTSuq0HYy4c4dglDD0bt5juOTrMyh097FQE="},"chainType":2,"messageKeys":{}},"BeJ/izu2qPhpBtmLGma5xudECOQrRfGp/EAJO+MsNE1b":{"chainKey":{"counter":-1,"key":"A9rSaVE/GjGf91jBaL1wM7rbhkjVGC/x04dSHxwsa2g="},"chainType":1,"messageKeys":{}}}}},"version":"v1"}