{"_sessions":{"Baw4kTcScaF/jwDPfdIWNsy+bH9iNljeS7Ch2csHfPo0":{"registrationId":463465455,"currentRatchet":{"ephemeralKeyPair":{"pubKey":"BfWYigeGOZ8R+NOvHLgBByzo1Fx21DiuJnKEOqi3sK5L","privKey":"eE7K9P4g/+tvD59zloeqY6BPD3entr8jyFc6vtU7gWE="},"lastRemoteEphemeralKey":"BX1NwxAWr+rZS1RCw7o8golWdemR/2VJnAM0UIpBGdgE","previousCounter":0,"rootKey":"AEeyMZcA0CBm7PYQ+Y0nDUBYpoIw6Y+hk4tDWn4BNUc="},"indexInfo":{"baseKey":"Baw4kTcScaF/jwDPfdIWNsy+bH9iNljeS7Ch2csHfPo0","baseKeyType":1,"closed":-1,"used":1738501654146,"created":1738501654146,"remoteIdentityKey":"BaYgEnNQ9HtXw18VgCD28qIrHGk1zEtcimi+PhYExZx7"},"_chains":{"BfWYigeGOZ8R+NOvHLgBByzo1Fx21DiuJnKEOqi3sK5L":{"chainKey":{"counter":0,"key":"UdO3O9uLObvroojxmGRZHLoPhWykGU8RSop+QW/7w2U="},"chainType":1,"messageKeys":{}}},"pendingPreKey":{"signedKeyId":10,"baseKey":"Baw4kTcScaF/jwDPfdIWNsy+bH9iNljeS7Ch2csHfPo0","preKeyId":419837}}},"version":"v1"}