{"_sessions":{"BVlD22OGwlxRNt/alYxL2bAGGGaqFepITrTqpKZ2fkUJ":{"registrationId":2144610734,"currentRatchet":{"ephemeralKeyPair":{"pubKey":"Bb4DAupmbGkTk8XVkgRano4aMNNvrKIxtvkYBZL/pJRd","privKey":"KOcw1OKetXvGd38qCN/wpXOJWC6lz0WZSmZ3ZDIzOX4="},"lastRemoteEphemeralKey":"BfjjMdOUdDb5duDiKXnDQ+cNrloi2mgXL4sb7mg+BFYz","previousCounter":0,"rootKey":"mYf0O2L4GfqciZ2VOqQdoOYjTFkDWMH2fed/5O/dXJg="},"indexInfo":{"baseKey":"BVlD22OGwlxRNt/alYxL2bAGGGaqFepITrTqpKZ2fkUJ","baseKeyType":1,"closed":1738500826229,"used":1738500825387,"created":1738500825387,"remoteIdentityKey":"Ba2aL2HCYxByxUPerB8WFlS6PqM/zPQEQXnCj1wG0RIU"},"_chains":{"Bb4DAupmbGkTk8XVkgRano4aMNNvrKIxtvkYBZL/pJRd":{"chainKey":{"counter":-1,"key":"LcCP1e4fAN/dQ3TKsqcaRHXPjTbr6rcqXn9BX0C+08E="},"chainType":1,"messageKeys":{}}},"pendingPreKey":{"signedKeyId":7,"baseKey":"BVlD22OGwlxRNt/alYxL2bAGGGaqFepITrTqpKZ2fkUJ","preKeyId":2209481}},"BZmrbJ5sRCpt1XcOwvzCxl9+A7KnVvQH4t/+WyaRZJQ3":{"registrationId":2144610734,"currentRatchet":{"ephemeralKeyPair":{"pubKey":"BaJ2md6w+rEFLbJub7p737F9bUGnuq1BlKx/uK6NYLYD","privKey":"YA6KTa2zJZFAGCbruxqP3jNjRbh/EphSKWF4FyOYiHc="},"lastRemoteEphemeralKey":"BfjjMdOUdDb5duDiKXnDQ+cNrloi2mgXL4sb7mg+BFYz","previousCounter":0,"rootKey":"My3rVQ8vjjx0339sNQYBij6VOcNpnawHvIqJ/cTRHQs="},"indexInfo":{"baseKey":"BZmrbJ5sRCpt1XcOwvzCxl9+A7KnVvQH4t/+WyaRZJQ3","baseKeyType":1,"closed":-1,"used":1738500826228,"created":1738500826228,"remoteIdentityKey":"Ba2aL2HCYxByxUPerB8WFlS6PqM/zPQEQXnCj1wG0RIU"},"_chains":{"BaJ2md6w+rEFLbJub7p737F9bUGnuq1BlKx/uK6NYLYD":{"chainKey":{"counter":1,"key":"jYxlZr3yDIt0gngkuNYfzd847gIcVlwGgiGbml3GuhA="},"chainType":1,"messageKeys":{}}},"pendingPreKey":{"signedKeyId":7,"baseKey":"BZmrbJ5sRCpt1XcOwvzCxl9+A7KnVvQH4t/+WyaRZJQ3","preKeyId":2213399}}},"version":"v1"}