{"_sessions":{"BaOYT6q6ilsXunc2K4j1QxGL76YFOqJmcjePZ28eWdlw":{"registrationId":1770881106,"currentRatchet":{"ephemeralKeyPair":{"pubKey":"BdBcncKQB9q7QuXv3n6qz9WVtxBeAh0M3NoLMkfTvGMW","privKey":"cDPYd0JkmFalEQf5r1t+snPIx3ORAnDHaYmJibQNbUA="},"lastRemoteEphemeralKey":"BY6zHo0ytIBKCgBUTPMcDDqlk8NZR7CPq5LLrVe5LDJd","previousCounter":0,"rootKey":"Isv0GznYL3J6KzYe+N5yramScgcSnwNo8hwVInBdl10="},"indexInfo":{"baseKey":"BaOYT6q6ilsXunc2K4j1QxGL76YFOqJmcjePZ28eWdlw","baseKeyType":1,"closed":-1,"used":1738571492846,"created":1738501657430,"remoteIdentityKey":"BVUSDqHEoajAZERR6yoTg3BXIkgOZAQrqbePz1/Ir75y"},"_chains":{"BY6zHo0ytIBKCgBUTPMcDDqlk8NZR7CPq5LLrVe5LDJd":{"chainKey":{"counter":0,"key":"I7W1Q29UrkaBti4ByOa2RcRJPtZw1qIYfXaR7Q0cbG4="},"chainType":2,"messageKeys":{}},"BdBcncKQB9q7QuXv3n6qz9WVtxBeAh0M3NoLMkfTvGMW":{"chainKey":{"counter":-1,"key":"sn3GKlisF3rqLW7+Oh604XwJB3g4oJG56bPaDopCAGA="},"chainType":1,"messageKeys":{}}}}},"version":"v1"}