{"_sessions":{"BY4RrVE1Oy+HUmo9DKgqBxx1dplcDG4LDbgot1ybpjA1":{"registrationId":434848942,"currentRatchet":{"ephemeralKeyPair":{"pubKey":"BTxocPhvDvKyS2Twzgkx9ygHCQaSXT/A1vTssasfWkR7","privKey":"aJkKxPZUthyw2xDPvR85iSF1XsG1PO9GEO2AYTb2Bm4="},"lastRemoteEphemeralKey":"BQzHiLLy+6dK9KmMMhJSs4lps57N/HTdB9ZlzYaeUS0n","previousCounter":0,"rootKey":"7jV5yw/vSab0UNE9wD1NVHqJdnh/NiyrluWS54PbBIY="},"indexInfo":{"baseKey":"BY4RrVE1Oy+HUmo9DKgqBxx1dplcDG4LDbgot1ybpjA1","baseKeyType":1,"closed":-1,"used":1738507892111,"created":1738507892111,"remoteIdentityKey":"BUgex8sdzk2KaO4sstz9zkIVnzYExtTIvbzEK0Wuktha"},"_chains":{"BTxocPhvDvKyS2Twzgkx9ygHCQaSXT/A1vTssasfWkR7":{"chainKey":{"counter":0,"key":"DqcC2AZgBcUduWqW7K7cEARMUAHYOv2aYc/ZW/H1j2U="},"chainType":1,"messageKeys":{}}},"pendingPreKey":{"signedKeyId":1,"baseKey":"BY4RrVE1Oy+HUmo9DKgqBxx1dplcDG4LDbgot1ybpjA1"}}},"version":"v1"}