{"_sessions":{"BRptJ/3UmPfY5Qn5Vck0I1O7dPpzBH6EliuLZvZa/mlj":{"registrationId":638,"currentRatchet":{"ephemeralKeyPair":{"pubKey":"BZAuP3Gkb0bDOQfH7KVcRo4YuPpifzzE2oOlZws9NAkj","privKey":"wOKADfMWRLrQuM/Vy2nZ0t0q8mWv3+ZTnp4GLDn7klk="},"lastRemoteEphemeralKey":"Be1VZwd+hX+i1Gjfuuas9c7LuKihwVYEq7dCCN1WGm5i","previousCounter":0,"rootKey":"oVFdkJjZDHB98HtVYhGcSNe9oOrG0sfSACLAv56zGoI="},"indexInfo":{"baseKey":"BRptJ/3UmPfY5Qn5Vck0I1O7dPpzBH6EliuLZvZa/mlj","baseKeyType":1,"closed":-1,"used":1738501651823,"created":1738501651823,"remoteIdentityKey":"BXH7F0YsCHlAO0xW9NjSAq7yZhNS3wcQ0tqtAbGuSKV1"},"_chains":{"BZAuP3Gkb0bDOQfH7KVcRo4YuPpifzzE2oOlZws9NAkj":{"chainKey":{"counter":0,"key":"V2WxgZz6BQhWCpfnbhUO8mqVZc8GRHp1lP+ll3Wkci4="},"chainType":1,"messageKeys":{}}},"pendingPreKey":{"signedKeyId":1,"baseKey":"BRptJ/3UmPfY5Qn5Vck0I1O7dPpzBH6EliuLZvZa/mlj"}}},"version":"v1"}