{"_sessions":{"Bduvqk8+vD3mtRzjUtg6a0WeszVEmX5BSGqahX9+L4AS":{"registrationId":1347285134,"currentRatchet":{"ephemeralKeyPair":{"pubKey":"BYhAK4DmS6ccIMzo/HGNediQwdXC6YrreSfZEa9Auqwz","privKey":"QK53wJmcy+ZiRTu9meghtuJGqZBvgks+Ir2ihxWL214="},"lastRemoteEphemeralKey":"BRpvwinrq4TaJnKlh81TDFS+/v/p95J0zBEo0D2zoAta","previousCounter":0,"rootKey":"g7sR2MzFlG4b5ABYG1/H9YMAP1CcdGxL4CHiner3bag="},"indexInfo":{"baseKey":"Bduvqk8+vD3mtRzjUtg6a0WeszVEmX5BSGqahX9+L4AS","baseKeyType":1,"closed":1738523140097,"used":1738523139733,"created":1738523139733,"remoteIdentityKey":"BaOISe0i2doX3G1qVvPcv19ek0MD70vGeaxdmDUCGoMd"},"_chains":{"BYhAK4DmS6ccIMzo/HGNediQwdXC6YrreSfZEa9Auqwz":{"chainKey":{"counter":-1,"key":"esfk1mkKxq2nePzjZIdjxLPtChzSVkcr5JjXnhmhEKY="},"chainType":1,"messageKeys":{}}},"pendingPreKey":{"signedKeyId":0,"baseKey":"Bduvqk8+vD3mtRzjUtg6a0WeszVEmX5BSGqahX9+L4AS"}},"BaxfMg7al7iDyLsD0vHzBa7ke2hWrZ9tuu59/KoSomRm":{"registrationId":1347285134,"currentRatchet":{"ephemeralKeyPair":{"pubKey":"BRqSxZ3t9z5KfwoSRPRgDEVnLRx1xVEwuG1M4nSVmtl7","privKey":"KHtLjLXt7rAVFz18t8J+4ggFqgRoz/4GzhaBXHaSc1Y="},"lastRemoteEphemeralKey":"BRpvwinrq4TaJnKlh81TDFS+/v/p95J0zBEo0D2zoAta","previousCounter":0,"rootKey":"q6laUMZKpcHah6KLcJS4ki+NA2atO7MB2ZIiNTbhJVc="},"indexInfo":{"baseKey":"BaxfMg7al7iDyLsD0vHzBa7ke2hWrZ9tuu59/KoSomRm","baseKeyType":1,"closed":-1,"used":1738523140096,"created":1738523140096,"remoteIdentityKey":"BaOISe0i2doX3G1qVvPcv19ek0MD70vGeaxdmDUCGoMd"},"_chains":{"BRqSxZ3t9z5KfwoSRPRgDEVnLRx1xVEwuG1M4nSVmtl7":{"chainKey":{"counter":1,"key":"ly0U/KxQDEiSi8CdbUz5o2wvO1SVlG4oywNV2xQNM6w="},"chainType":1,"messageKeys":{}}},"pendingPreKey":{"signedKeyId":0,"baseKey":"BaxfMg7al7iDyLsD0vHzBa7ke2hWrZ9tuu59/KoSomRm"}}},"version":"v1"}