{"_sessions":{"BbevTHkfE2RSU0ZGDmkNLxD6V3CY4OvnyNaceAYYKXVh":{"registrationId":947555487,"currentRatchet":{"ephemeralKeyPair":{"pubKey":"BXNiFX0SnzxwoQD8tQaqL7xooDqqzUpgjyEV/w3xwddL","privKey":"YL3VFf/d58p/tGVdt/Z7TZIwkg7zbJPCotW4OyPHKXs="},"lastRemoteEphemeralKey":"Ba/jbwPnFaMgkdG9H1Ogx15j4TzOmJ/65AYEfYDAoldx","previousCounter":0,"rootKey":"DS537DlffhxgjRElKZ+5duk1pvCpL5+Rr/jekuX+ia4="},"indexInfo":{"baseKey":"BbevTHkfE2RSU0ZGDmkNLxD6V3CY4OvnyNaceAYYKXVh","baseKeyType":2,"closed":-1,"used":1738571492949,"created":1738501646920,"remoteIdentityKey":"BQVk7+IxuK6YuHI8OZ9FrrhijAahE3x64yk0pT515bMl"},"_chains":{"BXs1mwy1iyYpLBoiGnwSWkA1pSkuYjxUNVTSVoUowvgC":{"chainKey":{"counter":0},"chainType":2,"messageKeys":{}},"Ba/jbwPnFaMgkdG9H1Ogx15j4TzOmJ/65AYEfYDAoldx":{"chainKey":{"counter":0,"key":"v40b+nyJkI1hMFeaSLwH6KBjRJ1ntg4WZN068ec5R98="},"chainType":2,"messageKeys":{}},"BXNiFX0SnzxwoQD8tQaqL7xooDqqzUpgjyEV/w3xwddL":{"chainKey":{"counter":-1,"key":"oixchLYCdiL2WMombOTkhlASmWohKxVm37wVF8nXqgw="},"chainType":1,"messageKeys":{}}}}},"version":"v1"}