{"_sessions":{"BfOIXDQ0vcqLtRfJ7mKWcLK2+arBrXn1o5Et6LlwTW4i":{"registrationId":705307531,"currentRatchet":{"ephemeralKeyPair":{"pubKey":"BRc1oOnOobpIJIqt/QLNyTL42vS5+9owV05GYWPoNgQ6","privKey":"kJjRs3y5BMLBVuazv26DIRWcr/JgHgYrcTzVQ3bNHEM="},"lastRemoteEphemeralKey":"BeuHW3TQkVtDGvYO2/t1flWqXp9eVaSRXvZQbymfcD0r","previousCounter":0,"rootKey":"bbMuw6qbr+dQhqYMaZ17KI/3O75GM9nQkq+RS/0DIJ0="},"indexInfo":{"baseKey":"BfOIXDQ0vcqLtRfJ7mKWcLK2+arBrXn1o5Et6LlwTW4i","baseKeyType":1,"closed":-1,"used":1738620993597,"created":1738501654107,"remoteIdentityKey":"Ba4Hh5YP0FsQZJvG3dtH5J26JjPzs2BhgP7FW9T7Q8Jr"},"_chains":{"BeuHW3TQkVtDGvYO2/t1flWqXp9eVaSRXvZQbymfcD0r":{"chainKey":{"counter":0,"key":"Dal8CWEjNANqzt3nV8ReIxdoxM+bKjmBWYpr0lqWlr4="},"chainType":2,"messageKeys":{}},"BRc1oOnOobpIJIqt/QLNyTL42vS5+9owV05GYWPoNgQ6":{"chainKey":{"counter":-1,"key":"jlHUXQiBER/4urkgvS0y76HTKrz9LdM+EkSRUnsXFVQ="},"chainType":1,"messageKeys":{}}}}},"version":"v1"}