{"_sessions":{"BbBYKTCevzZmOlz2SnHWpHDjCb+sLAuVesAmJyKdIpR+":{"registrationId":1817916080,"currentRatchet":{"ephemeralKeyPair":{"pubKey":"BbumhD1khtaHUsbTKkPoTxAuOJpWOiN+SUv4//Lygu0C","privKey":"OED0/H6aH30vro3CD3Gk22NsMK474iaHcCgoSBXfPHQ="},"lastRemoteEphemeralKey":"BZ3CVijzYwEsDoyx8mwbMmUkQCdrInw19W0KCMyScKU8","previousCounter":0,"rootKey":"U3dmtZczUvb1F5O7u/62b3n/2Umrd30uN/dc2rx6RaQ="},"indexInfo":{"baseKey":"BbBYKTCevzZmOlz2SnHWpHDjCb+sLAuVesAmJyKdIpR+","baseKeyType":1,"closed":1738500827435,"used":1738500825641,"created":1738500825641,"remoteIdentityKey":"BWhrdbeHUbc1HmkVXxwpnTcbiHinUAf8tP3oCTMj6wAk"},"_chains":{"BbumhD1khtaHUsbTKkPoTxAuOJpWOiN+SUv4//Lygu0C":{"chainKey":{"counter":-1,"key":"8jF1UkFxIXxjpM2mApw1O08sw7UhpwFqlenH+OzafhE="},"chainType":1,"messageKeys":{}}},"pendingPreKey":{"signedKeyId":3,"baseKey":"BbBYKTCevzZmOlz2SnHWpHDjCb+sLAuVesAmJyKdIpR+","preKeyId":10211575}},"BYk07JWaRboLyDiK3BloVOxpTPe6Ai5GbjX3/aciDakU":{"registrationId":1817916080,"currentRatchet":{"ephemeralKeyPair":{"pubKey":"BbHnd7RRDlE7mbjwz2yuReM7F/Ia5LTJCKi1FphRQu1K","privKey":"WC4INjAGtWi4dO1n8mGSxDoFgJHWUgC0fGFmCXVInFU="},"lastRemoteEphemeralKey":"BZl/SQ3NeBs3aS/oEPNPYGzKCuR7mAwTAoblaFVkiVUi","previousCounter":1,"rootKey":"/I81U5eri/9Ik5bDB58fBzEZRvI5ege+hkagNcYQhjc="},"indexInfo":{"baseKey":"BYk07JWaRboLyDiK3BloVOxpTPe6Ai5GbjX3/aciDakU","baseKeyType":1,"closed":1738673873996,"used":1738571546703,"created":1738500827433,"remoteIdentityKey":"BWhrdbeHUbc1HmkVXxwpnTcbiHinUAf8tP3oCTMj6wAk"},"_chains":{"BZl/SQ3NeBs3aS/oEPNPYGzKCuR7mAwTAoblaFVkiVUi":{"chainKey":{"counter":5,"key":"aerMpq8Koe5IFWsl1UYXFA4ftCgsMV7XVZUExLQX1Gk="},"chainType":2,"messageKeys":{}},"BbHnd7RRDlE7mbjwz2yuReM7F/Ia5LTJCKi1FphRQu1K":{"chainKey":{"counter":-1,"key":"F/T5Z3bDsSkGkkfXU4oyAEjEclWTbB9swb3E1xnWkNE="},"chainType":1,"messageKeys":{}}}},"BX10hbKc3fDqHCLdcNIXHPV0a07PjRrv9QqpJ0cUHGRn":{"registrationId":408245396,"currentRatchet":{"ephemeralKeyPair":{"pubKey":"BVSIaqRRQRaO39Ean8cyG66H/SSGHxIz+AD0Kkw7oswk","privKey":"kM+y1S6u4cvvZMnW2qNt/T8swKEQ3jgAFI7UPdY3cnc="},"lastRemoteEphemeralKey":"BYrIZtvlz5roI+kW3E5xJp4n/zPGLEy4FAQv+JpkjU5c","previousCounter":0,"rootKey":"9NjR0JHCrrIUtGl/b0oMK9m5qrfeQ/x3Ckt7l0BVo8E="},"indexInfo":{"baseKey":"BX10hbKc3fDqHCLdcNIXHPV0a07PjRrv9QqpJ0cUHGRn","baseKeyType":2,"closed":-1,"used":1738673874003,"created":1738673874003,"remoteIdentityKey":"BdC4dOPcEGaYsJrO8KuVNj4dWNkYs6vgiMkpKH+Crqhi"},"_chains":{"BYrIZtvlz5roI+kW3E5xJp4n/zPGLEy4FAQv+JpkjU5c":{"chainKey":{"counter":0,"key":"kC6OPSFAbNcVrttJeyLpZ3N1ZEUdi9PO5Q37y0FjJAg="},"chainType":2,"messageKeys":{}},"BVSIaqRRQRaO39Ean8cyG66H/SSGHxIz+AD0Kkw7oswk":{"chainKey":{"counter":-1,"key":"1VhDtaJUydh877WlWWN/ETBM+6A2M2roayug7B65xMo="},"chainType":1,"messageKeys":{}}}}},"version":"v1"}