{"_sessions":{"BZS10JPtCiw2o383T0cyAVt/8werEwWHGOhp0KIeEV9x":{"registrationId":647388697,"currentRatchet":{"ephemeralKeyPair":{"pubKey":"BfhS+LS0UefIHXQD9ySfn0TfX52unBnq/tM5wyZHcD1j","privKey":"SPCfeyHhFfH/q6Ub5lcKVsog5Cf+OSMTd6K43Jx/E3w="},"lastRemoteEphemeralKey":"BZh4ZyayDFMHjcLIvpV/qgK2nneZsbjtZwZVCqUhx6FY","previousCounter":0,"rootKey":"04rhhckZgS8vDZBuH6XeyFfpTOpwloTmI4JrSmtOPlQ="},"indexInfo":{"baseKey":"BZS10JPtCiw2o383T0cyAVt/8werEwWHGOhp0KIeEV9x","baseKeyType":1,"closed":-1,"used":1738620603195,"created":1738501651933,"remoteIdentityKey":"BbOFK8gr2YT8jusWj0asJLMQ4bY5nteZnc3RhXDs9kp3"},"_chains":{"BZh4ZyayDFMHjcLIvpV/qgK2nneZsbjtZwZVCqUhx6FY":{"chainKey":{"counter":1,"key":"MwCeDx5jkWhmjLJBeBMEXsH5msNzLyeyRDMzpDUdxOc="},"chainType":2,"messageKeys":{}},"BfhS+LS0UefIHXQD9ySfn0TfX52unBnq/tM5wyZHcD1j":{"chainKey":{"counter":-1,"key":"EIpknxiNqrE4ZHRoquQ8QPM8xK9dsL8K6l/FeaycENo="},"chainType":1,"messageKeys":{}}}}},"version":"v1"}