{"_sessions":{"BfBCVvAM8prsxBXBSWaiLHtUK21lb/pNEjU9fvhfQnoN":{"registrationId":554847660,"currentRatchet":{"ephemeralKeyPair":{"pubKey":"BU5UtwYhr3sQuCWlHpRFatjmPW3q+mAXKHS6230pvQY0","privKey":"AIz6ERnoJwZPzLKtfMZ6rpVEsON/pGT9mOi9h72q1Fg="},"lastRemoteEphemeralKey":"BR/Uqtzoe7aD0+0IxFMzH2bzQh2yrDix11VpEzuG7x4I","previousCounter":0,"rootKey":"oqBBPMbLbgzIaRI454KWQ0VpD/PO6LFJXUbrC5PzAXg="},"indexInfo":{"baseKey":"BfBCVvAM8prsxBXBSWaiLHtUK21lb/pNEjU9fvhfQnoN","baseKeyType":1,"closed":-1,"used":1738620605952,"created":1738501653961,"remoteIdentityKey":"BTZG7wkLg540jC57wCTm476L9FBz52TZfMHrYNQ/tgph"},"_chains":{"BR/Uqtzoe7aD0+0IxFMzH2bzQh2yrDix11VpEzuG7x4I":{"chainKey":{"counter":1,"key":"ip8ebvnqnxqOgpuCG/xM7AF/bO3bHowuF7JqXP9PPSc="},"chainType":2,"messageKeys":{}},"BU5UtwYhr3sQuCWlHpRFatjmPW3q+mAXKHS6230pvQY0":{"chainKey":{"counter":-1,"key":"5H02IU19MQyCtr7m/Cqd4lqOAgHZ1mZEmsNRQozxNbU="},"chainType":1,"messageKeys":{}}}}},"version":"v1"}