{"_sessions":{"BYaifFhcYyXIuh0vVfp7w0qNShsr3w1IMyPjx/3TS04i":{"registrationId":2055550072,"currentRatchet":{"ephemeralKeyPair":{"pubKey":"BYlEp5kBNZoDRKYgqG8HbnapDiY+D45gSjks0rqwvuxB","privKey":"mJ8gwuqsz+e1+uz8fmoIYve0hH1s4ZYF6a4BybiHolg="},"lastRemoteEphemeralKey":"BfTJELfJxbeLgcmtAICNHE4Od1fXFqYmZhuNP1T6Jo1W","previousCounter":0,"rootKey":"CoYx7f8bqo3Q99i0OUNtXBMLjxuPGKPf5wIxdqLfq5I="},"indexInfo":{"baseKey":"BYaifFhcYyXIuh0vVfp7w0qNShsr3w1IMyPjx/3TS04i","baseKeyType":1,"closed":-1,"used":1738507892117,"created":1738507892117,"remoteIdentityKey":"BWlJfFwvTCjgPl9iTet3Jr60IutdTdmkEKTtEbNvQ4of"},"_chains":{"BYlEp5kBNZoDRKYgqG8HbnapDiY+D45gSjks0rqwvuxB":{"chainKey":{"counter":0,"key":"sTyIhCLtjkNNm4X86cN27JsRbAOE/DHeIzX5YwDUMeI="},"chainType":1,"messageKeys":{}}},"pendingPreKey":{"signedKeyId":1,"baseKey":"BYaifFhcYyXIuh0vVfp7w0qNShsr3w1IMyPjx/3TS04i","preKeyId":4973309}}},"version":"v1"}