{"_sessions":{"Be09i8AsNGH5FzeF6Q88pciM/dDAajqSglOBoOXlaIUM":{"registrationId":354387593,"currentRatchet":{"ephemeralKeyPair":{"pubKey":"Bd7X/JH/RwW4baCkHvlD/0XvLqot4pdCW3qq7+d3JKgD","privKey":"EPQPwdr7/Oo6LfcpBXIV66RAR/4udfG6a7qI8L82nmo="},"lastRemoteEphemeralKey":"BZSVwRwb88TxAzrHM+NM1khyI+Ir3MPBnUdMQIKJV0Qb","previousCounter":0,"rootKey":"sgIx0WVdNS7O7eBEXvnOwdWcyQpQ6qim9h3hIg8yTRs="},"indexInfo":{"baseKey":"Be09i8AsNGH5FzeF6Q88pciM/dDAajqSglOBoOXlaIUM","baseKeyType":1,"closed":-1,"used":1738620608823,"created":1738501656485,"remoteIdentityKey":"BeBPPo96WmH2jPfUxX/f4WmJ7ulvcLbEkLKJhe2L+Q0R"},"_chains":{"BZSVwRwb88TxAzrHM+NM1khyI+Ir3MPBnUdMQIKJV0Qb":{"chainKey":{"counter":1,"key":"E6rlr0IqTYHQncv6xmYnunBoS3g2q3FJ/dwwEnNCMGA="},"chainType":2,"messageKeys":{}},"Bd7X/JH/RwW4baCkHvlD/0XvLqot4pdCW3qq7+d3JKgD":{"chainKey":{"counter":-1,"key":"F8NebDFEn/Xxn5cdx9yIGQgi5MogsR965YSs01rv/Ug="},"chainType":1,"messageKeys":{}}}}},"version":"v1"}