{"_sessions":{"BSzWELrfnFE9T0i4N2NKCzTT2OaTYPxcqi0RV+tCAjo4":{"registrationId":1582280522,"currentRatchet":{"ephemeralKeyPair":{"pubKey":"BWWUWQXJKkOpU1cQWkNK4djTZnw4HkG8UhBEOz4qmtpL","privKey":"yK2pt+FOVq9loBqTGlK5PTmqlVAiH9ywUiBCEvy7GWU="},"lastRemoteEphemeralKey":"BX/3ohbDpheMM64fJ9Z3qA7ozVeSzrtKEoS9q+Fnc7Mo","previousCounter":0,"rootKey":"W5W0MOZ4wzBEABu3SaudQna0G5cV2BhbVj4R46YZcic="},"indexInfo":{"baseKey":"BSzWELrfnFE9T0i4N2NKCzTT2OaTYPxcqi0RV+tCAjo4","baseKeyType":1,"closed":-1,"used":1738507892093,"created":1738507892093,"remoteIdentityKey":"BaWQOwhbbQNxMRxGCIT5qGi04cnfRWpjIty1+dF4EjVo"},"_chains":{"BWWUWQXJKkOpU1cQWkNK4djTZnw4HkG8UhBEOz4qmtpL":{"chainKey":{"counter":0,"key":"lP0gTXFhP+EicZ5FZk8E1Aa1NuIOy66K94WsKB9p64g="},"chainType":1,"messageKeys":{}}},"pendingPreKey":{"signedKeyId":1,"baseKey":"BSzWELrfnFE9T0i4N2NKCzTT2OaTYPxcqi0RV+tCAjo4","preKeyId":4189529}}},"version":"v1"}