{"_sessions":{"BZfTtwsO8SSiEg/4QHs4XjFqpDkN/uLguIN0nvTv62wf":{"registrationId":12367,"currentRatchet":{"ephemeralKeyPair":{"pubKey":"BQPbGw+4IFYnN5S43h5p7FHJpP7zXMWSJC1OlVkuKqkW","privKey":"MJimNg+QWJr+RGYccRaG9sht9CAb6hEs3pzzpmyu8n0="},"lastRemoteEphemeralKey":"BXYSy1PeFr60GdkWKOb+H1RmYuq/6U1xVw5VwVOhmU4A","previousCounter":0,"rootKey":"4HQ19tmSP0Sw3LOJhUpFwY/yMcd1CfPDA2xDwQQ1smY="},"indexInfo":{"baseKey":"BZfTtwsO8SSiEg/4QHs4XjFqpDkN/uLguIN0nvTv62wf","baseKeyType":1,"closed":-1,"used":1738501651812,"created":1738501651812,"remoteIdentityKey":"BRhtAFgb/dQezowtEDdfT4kAOXEcjbhh2hGBkhL/0ioU"},"_chains":{"BQPbGw+4IFYnN5S43h5p7FHJpP7zXMWSJC1OlVkuKqkW":{"chainKey":{"counter":0,"key":"tJ0jYu0GuF47TZldY0/aXEQbz6EwC8wP0gY8Jp+c9GU="},"chainType":1,"messageKeys":{}}},"pendingPreKey":{"signedKeyId":1,"baseKey":"BZfTtwsO8SSiEg/4QHs4XjFqpDkN/uLguIN0nvTv62wf"}}},"version":"v1"}