{"_sessions":{"BQE5wroB61yIUZXz1CKJOQUbMsCDVHq8IRGu/KbkImoa":{"registrationId":353889373,"currentRatchet":{"ephemeralKeyPair":{"pubKey":"BXQXI2c7TXtNz9gPTvrABYuxjU4tW2WkO+B8nZK0mu5o","privKey":"+IJ+3t3hlNw9toWYIxy6+ubf3/YDktSB8Fu3pgrOGGU="},"lastRemoteEphemeralKey":"BY7L76H2KDKoaVxNtNuSMMI0um/p1HQPaYgBJqlseJUS","previousCounter":0,"rootKey":"myDpEwON6FxV9BciauBMKHcGE8J2ED5Lowrne7FywQw="},"indexInfo":{"baseKey":"BQE5wroB61yIUZXz1CKJOQUbMsCDVHq8IRGu/KbkImoa","baseKeyType":1,"closed":1738500826598,"used":1738500825458,"created":1738500825458,"remoteIdentityKey":"BQ0W6bBYUXCUs5TsNvpKbi0p+I0dyl1DyiwOOJwswLZc"},"_chains":{"BXQXI2c7TXtNz9gPTvrABYuxjU4tW2WkO+B8nZK0mu5o":{"chainKey":{"counter":-1,"key":"SvigZzbWT+a6bqL5VMggeRbMIrgxgkergAQxYriq4bU="},"chainType":1,"messageKeys":{}}},"pendingPreKey":{"signedKeyId":1,"baseKey":"BQE5wroB61yIUZXz1CKJOQUbMsCDVHq8IRGu/KbkImoa","preKeyId":12095377}},"BaWWHiUUr4CsmBMQWu6JTvVkUO66d/bOi+PW+gcrtWRr":{"registrationId":353889373,"currentRatchet":{"ephemeralKeyPair":{"pubKey":"Bc6coPAF8L9ysNjaZTMWQXbHhCStIpNfmC0jiJ+Z3BNl","privKey":"WPOb9aGWTcnMpMZ9WZrCJ/CkO7jsDuyYZ7sZIv2mz0A="},"lastRemoteEphemeralKey":"BY7L76H2KDKoaVxNtNuSMMI0um/p1HQPaYgBJqlseJUS","previousCounter":0,"rootKey":"pGzGUUH72vJiImnMCxlBy/gNXdPOognB52EdiDiQE1k="},"indexInfo":{"baseKey":"BaWWHiUUr4CsmBMQWu6JTvVkUO66d/bOi+PW+gcrtWRr","baseKeyType":1,"closed":-1,"used":1738500826597,"created":1738500826597,"remoteIdentityKey":"BQ0W6bBYUXCUs5TsNvpKbi0p+I0dyl1DyiwOOJwswLZc"},"_chains":{"Bc6coPAF8L9ysNjaZTMWQXbHhCStIpNfmC0jiJ+Z3BNl":{"chainKey":{"counter":1,"key":"WcTRv3fpZMPEl0tlEsVrLHqX6WmDco2XCnm7zmOsBik="},"chainType":1,"messageKeys":{}}},"pendingPreKey":{"signedKeyId":1,"baseKey":"BaWWHiUUr4CsmBMQWu6JTvVkUO66d/bOi+PW+gcrtWRr","preKeyId":12095597}}},"version":"v1"}