{"_sessions":{"Bd7lBIQ6IOEXhr9UrEaQkq6QKIpe0X6i+FL6wifBbwwL":{"registrationId":1880788137,"currentRatchet":{"ephemeralKeyPair":{"pubKey":"BXO6s+LRbgB+2aS8kEnMvqLe+jVKCA1kWyQN+olxHs1L","privKey":"SAePJNHceUwrfuMIbYjPEqP41XdMvABAbwNHj1RJSG8="},"lastRemoteEphemeralKey":"Bcho5itdFkv52fhKDNkVRpEPFhgBHg3F1seInWC8e682","previousCounter":0,"rootKey":"ZfgaN2VjofXL5eJM05mwzkCHhlfZ0mWi9DKIkHpIVwc="},"indexInfo":{"baseKey":"Bd7lBIQ6IOEXhr9UrEaQkq6QKIpe0X6i+FL6wifBbwwL","baseKeyType":1,"closed":-1,"used":1738620603545,"created":1738501657465,"remoteIdentityKey":"BXRcxg9s3HXgC0RmAnlfa3ItKvNAI0BDhhzJhyTOCJ9E"},"_chains":{"Bcho5itdFkv52fhKDNkVRpEPFhgBHg3F1seInWC8e682":{"chainKey":{"counter":1,"key":"EOICsazewN9L2G6UkKhaHfPS+cqBjV5bNJMvp6gtNXg="},"chainType":2,"messageKeys":{}},"BXO6s+LRbgB+2aS8kEnMvqLe+jVKCA1kWyQN+olxHs1L":{"chainKey":{"counter":-1,"key":"RCeG+Tq4l1wJ1ge34Q7DpNJVziVA72jQEtRhpTAYNu8="},"chainType":1,"messageKeys":{}}}}},"version":"v1"}