{"_sessions":{"BYhLvnEwCvHP5+hpU35VPY5VarOOdAEMEZmLr8iK5pwM":{"registrationId":1770846853,"currentRatchet":{"ephemeralKeyPair":{"pubKey":"BboWZPPSREWNykimT3/xl1bqFnjvWFazBo6EUeJ/SupO","privKey":"wIkghZXlV0sLZ4caAkBPdCBcC4tRn6m7xK5o3epmTX0="},"lastRemoteEphemeralKey":"Bc7sqcevgxyE1FkoR7FPJJnj18U1z4Tu0gLUH0rjQEUY","previousCounter":0,"rootKey":"voESwX7CLRB7+9vhgmehXrrCRuMIj6NiR90+V9Yh8jk="},"indexInfo":{"baseKey":"BYhLvnEwCvHP5+hpU35VPY5VarOOdAEMEZmLr8iK5pwM","baseKeyType":1,"closed":-1,"used":1738571492594,"created":1738501651943,"remoteIdentityKey":"BTT+B9J548MIFp0dL4el6gU5gtuVtSO9hjpxOTyNV5YM"},"_chains":{"Bc7sqcevgxyE1FkoR7FPJJnj18U1z4Tu0gLUH0rjQEUY":{"chainKey":{"counter":0,"key":"BWK7Gv/+NDtUoxNHVKCpu7GzmqrjEZ9kRaq4foWczLk="},"chainType":2,"messageKeys":{}},"BboWZPPSREWNykimT3/xl1bqFnjvWFazBo6EUeJ/SupO":{"chainKey":{"counter":-1,"key":"HbEy7nfEbRjcgy/XCd05c/p8MgbMiSBwSRxKoCbm9Vg="},"chainType":1,"messageKeys":{}}}}},"version":"v1"}