{"_sessions":{"BTSajrVJb6JRcz5ACvhqhxxbapzN3LnKDaHfHIdKMUsJ":{"registrationId":1327195692,"currentRatchet":{"ephemeralKeyPair":{"pubKey":"BV34NE3xr7JQa5P2kopEJy857/Zv/fzSv4vnFg5tWWhA","privKey":"ACies2HFD/Y+rO134BLoji4a/Cnz+/bKQEQB1kEs8lk="},"lastRemoteEphemeralKey":"BZEK7G+8Rjgs7TcgndahvKteOwSfQHa09DhM6xABM3Qi","previousCounter":0,"rootKey":"Ik3TxZ6mvlI41mFlJw5rbDJTM6owOTMbPGBIC3Fx47U="},"indexInfo":{"baseKey":"BTSajrVJb6JRcz5ACvhqhxxbapzN3LnKDaHfHIdKMUsJ","baseKeyType":1,"closed":-1,"used":1738620604672,"created":1738501654183,"remoteIdentityKey":"BU4IelLzwYbF4dX1D0n67dyilMIo9yCEBE8VYF0zcFRZ"},"_chains":{"BZEK7G+8Rjgs7TcgndahvKteOwSfQHa09DhM6xABM3Qi":{"chainKey":{"counter":1,"key":"4a3DF3vQ7ljtSM+BFbeJj/iYgnZxm7XV9lDQ9kSWNOw="},"chainType":2,"messageKeys":{}},"BV34NE3xr7JQa5P2kopEJy857/Zv/fzSv4vnFg5tWWhA":{"chainKey":{"counter":-1,"key":"3ru1XZRkER+BRpW38kXC2oQRoV6F4JVzNOdunfsYmJk="},"chainType":1,"messageKeys":{}}}}},"version":"v1"}