{"_sessions":{"BdkyYHx+XqT6LqMRXTHkGqHS7+k8YQ4DZPLGjcPZPoxp":{"registrationId":1261963424,"currentRatchet":{"ephemeralKeyPair":{"pubKey":"BdyER3saQn/PfDDzqczjvvhl7BZPecAu3rEtyKHoWQAH","privKey":"6MXzEq7SNXKIL8SBabVHutWfZ69G3m80Z7K/V6ID/VE="},"lastRemoteEphemeralKey":"Bc9kWnIYsyPVQe5vLGSCBcD5cv9kc247C+dpcZTtodRJ","previousCounter":0,"rootKey":"ocKIiV1/SaefYmF7fPbXaiVjMtdL0EC7avST6CCmyCc="},"indexInfo":{"baseKey":"BdkyYHx+XqT6LqMRXTHkGqHS7+k8YQ4DZPLGjcPZPoxp","baseKeyType":1,"closed":-1,"used":1738673804946,"created":1738501654142,"remoteIdentityKey":"BewYQej51g7U12cvOge9RsOXX1QIJ71IGaOAB5I2nFwv"},"_chains":{"Bc9kWnIYsyPVQe5vLGSCBcD5cv9kc247C+dpcZTtodRJ":{"chainKey":{"counter":1,"key":"QLqoUfWOYiIxmyvfbmGNtWQevWOVKJmB2DelK7iTjwE="},"chainType":2,"messageKeys":{}},"BdyER3saQn/PfDDzqczjvvhl7BZPecAu3rEtyKHoWQAH":{"chainKey":{"counter":-1,"key":"8qnhdfm4on5H8UnjUE10jBpte5Q2FGmrMGDwWgPgI5I="},"chainType":1,"messageKeys":{}}}}},"version":"v1"}