{"_sessions":{"BQzTU7rBPvfaqwv2UWKqR8cveNld45fAVcttJ/IJLskM":{"registrationId":1479956608,"currentRatchet":{"ephemeralKeyPair":{"pubKey":"BfdnW8zEZSv0qEukN3d3vWdO2Jq9GKqQP9lgPx+WCI9K","privKey":"yPgUgmaQJObQenTHPCurIgzKWmdSjv/HAb0STxZ+/3M="},"lastRemoteEphemeralKey":"BSORo0pdBFBaLYgyoPhHsrrNMCGPOu1B2EOWeABfz/Bb","previousCounter":0,"rootKey":"UlgZ/C13MZ40xi+kgxG5puUEE0S1oHCY4CfsSX8y89I="},"indexInfo":{"baseKey":"BQzTU7rBPvfaqwv2UWKqR8cveNld45fAVcttJ/IJLskM","baseKeyType":1,"closed":1738523140068,"used":1738523139730,"created":1738523139730,"remoteIdentityKey":"BToc4w7r61SNGIoRohwF0K9xoW1w6RgBvdU1xFLpQcFm"},"_chains":{"BfdnW8zEZSv0qEukN3d3vWdO2Jq9GKqQP9lgPx+WCI9K":{"chainKey":{"counter":-1,"key":"0+telfG4AncE9ht5+O7NZComT7a6unq6arNPCvmlj+0="},"chainType":1,"messageKeys":{}}},"pendingPreKey":{"signedKeyId":8,"baseKey":"BQzTU7rBPvfaqwv2UWKqR8cveNld45fAVcttJ/IJLskM","preKeyId":15720326}},"Beca2GrQgs8yn4sFF66GdX6eauCVinLQU/PvhKzodoIa":{"registrationId":1479956608,"currentRatchet":{"ephemeralKeyPair":{"pubKey":"BZ08fiQSlCn0pU5CV1CtlF/1ML6EWvY5/7SSVN9EjDll","privKey":"ANN+0PNLiVKgooH6fRtGSPHFW657mcZa0LwSK1ygkUw="},"lastRemoteEphemeralKey":"BSORo0pdBFBaLYgyoPhHsrrNMCGPOu1B2EOWeABfz/Bb","previousCounter":0,"rootKey":"dm7u00bT1xRqp6UTj0uVB4pU4V2PM4d4ED3GeOdXnx0="},"indexInfo":{"baseKey":"Beca2GrQgs8yn4sFF66GdX6eauCVinLQU/PvhKzodoIa","baseKeyType":1,"closed":-1,"used":1738523140067,"created":1738523140067,"remoteIdentityKey":"BToc4w7r61SNGIoRohwF0K9xoW1w6RgBvdU1xFLpQcFm"},"_chains":{"BZ08fiQSlCn0pU5CV1CtlF/1ML6EWvY5/7SSVN9EjDll":{"chainKey":{"counter":1,"key":"GbeFzBwbpP2q0/I65LdyaQ0atA397f9s6tC+CYb/2uY="},"chainType":1,"messageKeys":{}}},"pendingPreKey":{"signedKeyId":8,"baseKey":"Beca2GrQgs8yn4sFF66GdX6eauCVinLQU/PvhKzodoIa","preKeyId":15720435}}},"version":"v1"}