{"_sessions":{"BSJsoKJxzEuB0Kr99Dk4h34U45T58OT2uJo5l9yqzORb":{"registrationId":1460784735,"currentRatchet":{"ephemeralKeyPair":{"pubKey":"BY93L2scY2E3MbNj0XUHTnK9fCXtYSJ3GnuRGlbXw0cE","privKey":"yFcJAx0nen5V45s6L4yKyIzvYH+mUqLZT9ojNOH15no="},"lastRemoteEphemeralKey":"BY+I4/NZYW+eP0zJ3ksChCZk3p+bYSu7eFjJ2tMRdbp9","previousCounter":0,"rootKey":"9bD09tM7lGoPOb/sI5Nl+y+LsVqMXlyehKp6fUKS3Dw="},"indexInfo":{"baseKey":"BSJsoKJxzEuB0Kr99Dk4h34U45T58OT2uJo5l9yqzORb","baseKeyType":1,"closed":1738500826664,"used":1738500825478,"created":1738500825478,"remoteIdentityKey":"BfsiLyI4O/wy2MqM0auSOn+JXgNCondBROm+m3NclLZr"},"_chains":{"BY93L2scY2E3MbNj0XUHTnK9fCXtYSJ3GnuRGlbXw0cE":{"chainKey":{"counter":-1,"key":"l5Z+uNvvQRU2izEPwJtgbQfcM0Sb5LpKNfcNod89kgE="},"chainType":1,"messageKeys":{}}},"pendingPreKey":{"signedKeyId":2,"baseKey":"BSJsoKJxzEuB0Kr99Dk4h34U45T58OT2uJo5l9yqzORb","preKeyId":7296169}},"BTOw/f1ppDkoZyI0Qajy056FvsbNBP/JeOa6KUUoSDRM":{"registrationId":1460784735,"currentRatchet":{"ephemeralKeyPair":{"pubKey":"BeiJT+a2BY9Mz39LSrjttZXg1uCaR7jseUzobde8KoUd","privKey":"SDIF2qGASvP4Jv3q+FE4aA+2fhh/fWO5vUwC1OQ1VVM="},"lastRemoteEphemeralKey":"BZGteo06Mo/ggLXXOrw6a4SOreFHNfLhEpK65ilSsaUV","previousCounter":1,"rootKey":"8LSt1xqnOQeF7nyuGD2HrCL/bonab0K+1DVFzUJ5yOc="},"indexInfo":{"baseKey":"BTOw/f1ppDkoZyI0Qajy056FvsbNBP/JeOa6KUUoSDRM","baseKeyType":1,"closed":-1,"used":1738514250493,"created":1738500826662,"remoteIdentityKey":"BfsiLyI4O/wy2MqM0auSOn+JXgNCondBROm+m3NclLZr"},"_chains":{"BZGteo06Mo/ggLXXOrw6a4SOreFHNfLhEpK65ilSsaUV":{"chainKey":{"counter":0,"key":"rwhr4fZVfGXfjrUvBcUf9EMbSyC5q6xiaiW/cafyrd4="},"chainType":2,"messageKeys":{}},"BeiJT+a2BY9Mz39LSrjttZXg1uCaR7jseUzobde8KoUd":{"chainKey":{"counter":-1,"key":"z5jXrqa6cI1lNPp2nGQ0WryZp7NDZaGjrA+2D6kHX10="},"chainType":1,"messageKeys":{}}}}},"version":"v1"}