{"_sessions":{"BYisSTMWfLPgv29iALyKFkmMRzBD4NzuPGlVjO1/Dkkz":{"registrationId":2177,"currentRatchet":{"ephemeralKeyPair":{"pubKey":"BRHC3Qg1piBOMIZ1sVFUTEL+clCLVZJDxWMNoTLBMw8g","privKey":"CCsdSG5rdzeq2kE9xe9Mbt5VsWRzw4CIwASF3rg3TnM="},"lastRemoteEphemeralKey":"Be5QgDl+BHN85dMcFFUS9l0wDzpjTUud5bpr5w9gRpon","previousCounter":0,"rootKey":"uzF2US88XVd1CmtBiy4iY8Vj2l3QVXdBJxhcrUenECk="},"indexInfo":{"baseKey":"BYisSTMWfLPgv29iALyKFkmMRzBD4NzuPGlVjO1/Dkkz","baseKeyType":1,"closed":-1,"used":1738501651748,"created":1738501651748,"remoteIdentityKey":"BcnF3Juw1zjruWvQGGwoU4iJNxwKmb5jETYbsc67HjQw"},"_chains":{"BRHC3Qg1piBOMIZ1sVFUTEL+clCLVZJDxWMNoTLBMw8g":{"chainKey":{"counter":0,"key":"gpsUFKS/W4kBuFEfiHWTWfjyAB3K00fRcUeksnUGR0Q="},"chainType":1,"messageKeys":{}}},"pendingPreKey":{"signedKeyId":1,"baseKey":"BYisSTMWfLPgv29iALyKFkmMRzBD4NzuPGlVjO1/Dkkz"}}},"version":"v1"}