{"_sessions":{"BZ6kpz9L1kO6tpjOpj9brmuyQhe+7XLZyX7lPwUymmwu":{"registrationId":983926839,"currentRatchet":{"ephemeralKeyPair":{"pubKey":"BZ1nz5Wjboswe/TTOuKtF0ibZOVXYDhF74W63Ep3iMpg","privKey":"EAXrCHwHJ+f+R3hATCl4SF7V/12mW9dQMDEFgBqzMXo="},"lastRemoteEphemeralKey":"BTwotWmrqQWEbYTZnY/3eYORHLxf6cSDshMlH+oQGTAy","previousCounter":0,"rootKey":"VmBG3CT38P5KPMy266pNJAzzHaQdJ0JEC2QznaiCOAk="},"indexInfo":{"baseKey":"BZ6kpz9L1kO6tpjOpj9brmuyQhe+7XLZyX7lPwUymmwu","baseKeyType":1,"closed":-1,"used":1738620604514,"created":1738501656444,"remoteIdentityKey":"BcJatysLbAPvL8/a3n3+X88EsCS6Q+DDp7qJYJwp4SgA"},"_chains":{"BTwotWmrqQWEbYTZnY/3eYORHLxf6cSDshMlH+oQGTAy":{"chainKey":{"counter":1,"key":"Jphwi5rDEQTQPE79tD10BCJuWwYWyJoKaFQGrg7Ozxw="},"chainType":2,"messageKeys":{}},"BZ1nz5Wjboswe/TTOuKtF0ibZOVXYDhF74W63Ep3iMpg":{"chainKey":{"counter":-1,"key":"6CcaGzwqbJpnjG6yPVpEk6mnRHBkX3Lc6gSiDuhH8aQ="},"chainType":1,"messageKeys":{}}}}},"version":"v1"}