{"_sessions":{"BSYqpNvF2odUAt2o9MzxwytB2AQY/z0jNNeoPZr8GwRR":{"registrationId":1633687935,"currentRatchet":{"ephemeralKeyPair":{"pubKey":"BUbxlvfb1JK4le6ZZmQs5xM1YlvF/+4zINgvQqusO9Y/","privKey":"wPMQJmUhNzXjp4O7zwUrTgGcmOqSb4JH7rUxYVPgSG8="},"lastRemoteEphemeralKey":"BRZOEvVtxqf9xcvJ7mbGwLMu7x6w58CAKspcFI0VD30e","previousCounter":0,"rootKey":"XO/+SOsHLjVDiRGqUErSjSoEDoPjFcM/TgqmxALhQo0="},"indexInfo":{"baseKey":"BSYqpNvF2odUAt2o9MzxwytB2AQY/z0jNNeoPZr8GwRR","baseKeyType":1,"closed":1738500826052,"used":1738500825350,"created":1738500825350,"remoteIdentityKey":"BeN1FDXioYcoYWX4Avx9FIGsgbgQiiTpEHfGMhBklXQf"},"_chains":{"BUbxlvfb1JK4le6ZZmQs5xM1YlvF/+4zINgvQqusO9Y/":{"chainKey":{"counter":-1,"key":"xHBPsPtxyf2hRuvQhS+m90ZZDdnw8d8MA8Hy0AlG/f8="},"chainType":1,"messageKeys":{}}},"pendingPreKey":{"signedKeyId":3,"baseKey":"BSYqpNvF2odUAt2o9MzxwytB2AQY/z0jNNeoPZr8GwRR","preKeyId":10449732}},"BV1xciYYQyU4huI0MUy15BQmf6XSsGcHw0VPmWZcbDd+":{"registrationId":1633687935,"currentRatchet":{"ephemeralKeyPair":{"pubKey":"BU5dsLgsksPfEwiBi5Nv7+PCTxXCVFdvt9VlasJzGW93","privKey":"kCWqt3W8FQ65C5bAj7LdRw50SqXXS7Vz5GPNNvHPT20="},"lastRemoteEphemeralKey":"BRZOEvVtxqf9xcvJ7mbGwLMu7x6w58CAKspcFI0VD30e","previousCounter":0,"rootKey":"Izs2OEZ+x7fCpk3tZsrcd3Go9KuKAbj8/jCBtgBO0kE="},"indexInfo":{"baseKey":"BV1xciYYQyU4huI0MUy15BQmf6XSsGcHw0VPmWZcbDd+","baseKeyType":1,"closed":-1,"used":1738500826050,"created":1738500826050,"remoteIdentityKey":"BeN1FDXioYcoYWX4Avx9FIGsgbgQiiTpEHfGMhBklXQf"},"_chains":{"BU5dsLgsksPfEwiBi5Nv7+PCTxXCVFdvt9VlasJzGW93":{"chainKey":{"counter":1,"key":"h7jDCs2B+ACKcpE1ndvqwZZuMw9e1L+34gbMpoU7IgE="},"chainType":1,"messageKeys":{}}},"pendingPreKey":{"signedKeyId":3,"baseKey":"BV1xciYYQyU4huI0MUy15BQmf6XSsGcHw0VPmWZcbDd+","preKeyId":10449731}}},"version":"v1"}