{"_sessions":{"BY1AB2Ru+BzJred30QepKsG7LJpqKpc7EPX/u6+MuZow":{"registrationId":341206354,"currentRatchet":{"ephemeralKeyPair":{"pubKey":"BWqABPbET64Nnc157VsBOvvEv0DZK199JTHe/LURRhlu","privKey":"KFn5jLjo1Rsggsodx6yuHv4ZVy5eYXS5sjkzKYmG8Hs="},"lastRemoteEphemeralKey":"BVbe3HfrB6C6RalQURX0CBRbkYqAPezyBad6gYDeMEdW","previousCounter":0,"rootKey":"n5fY/h1AtzQbWi3AdXSfqRPOnOzyAgvioE/5dQ6amAM="},"indexInfo":{"baseKey":"BY1AB2Ru+BzJred30QepKsG7LJpqKpc7EPX/u6+MuZow","baseKeyType":1,"closed":-1,"used":1738501651974,"created":1738501651974,"remoteIdentityKey":"BTGd94S8y1Ldvcezg9bWLcp0m66pr/QHrH54r4pWpmFY"},"_chains":{"BWqABPbET64Nnc157VsBOvvEv0DZK199JTHe/LURRhlu":{"chainKey":{"counter":0,"key":"5Bow1SHlZ+9fjLbfejSfxUKbI55ft2OhVRQTvlYxcsU="},"chainType":1,"messageKeys":{}}},"pendingPreKey":{"signedKeyId":13,"baseKey":"BY1AB2Ru+BzJred30QepKsG7LJpqKpc7EPX/u6+MuZow","preKeyId":6571764}}},"version":"v1"}