{"_sessions":{"BQFHBioNvPxdecf8gERrJiyfYks8/vhEjXTHpe1+KBtv":{"registrationId":1264206715,"currentRatchet":{"ephemeralKeyPair":{"pubKey":"BdjsIpOLbC/Taei0GZwSoA4kQ/N6vMc5eco2st4Ib69G","privKey":"cFnFWto5sbvP6oUvtQrNesZe/zqcXty9R1xsqE9XUkA="},"lastRemoteEphemeralKey":"BZGLv35z253F1IWn39aB1wBMiKHpQjw6e9xDr/y+L/Mu","previousCounter":0,"rootKey":"osS2E3++aLPL/1cmXpbpqqLbgHZqWdxAjDqYxCcUucI="},"indexInfo":{"baseKey":"BQFHBioNvPxdecf8gERrJiyfYks8/vhEjXTHpe1+KBtv","baseKeyType":1,"closed":-1,"used":1738501652030,"created":1738501652030,"remoteIdentityKey":"BUEAZ49Mbg8ZyrbO0zhRuGFtbnS+ljOb5l8143mN/Sw1"},"_chains":{"BdjsIpOLbC/Taei0GZwSoA4kQ/N6vMc5eco2st4Ib69G":{"chainKey":{"counter":0,"key":"9pZIakWxJubyGaefSwTbwkpLgt+4zrLEBC4NdihKoLk="},"chainType":1,"messageKeys":{}}},"pendingPreKey":{"signedKeyId":0,"baseKey":"BQFHBioNvPxdecf8gERrJiyfYks8/vhEjXTHpe1+KBtv","preKeyId":3821988}}},"version":"v1"}