{"_sessions":{"BZkffvXu+acaBm+5+aOSOqQk5xlwd9wCIVkuypu15d5X":{"registrationId":601224389,"currentRatchet":{"ephemeralKeyPair":{"pubKey":"BXeJTbwZlrMPEWXcNmNsG2WinXzfB9x8UbKegmIHezNv","privKey":"SLQWUAPAf5j6qkOB4YsY+zkWoH00d8aJTtk8OEWV0V4="},"lastRemoteEphemeralKey":"BY/lBikbxolYnFbCc0AukIr+UUlOPo6Xl+8zRY87u+EK","previousCounter":0,"rootKey":"R5jiysmTZ7IFKec0WXt7gXssNCyPGIRur4vNDRy5nJo="},"indexInfo":{"baseKey":"BZkffvXu+acaBm+5+aOSOqQk5xlwd9wCIVkuypu15d5X","baseKeyType":1,"closed":-1,"used":1738514251590,"created":1738514251590,"remoteIdentityKey":"BSKGcTnd7y1PXI6lc0NlM7eGnaZQwV7CdJQTZlJRBKIC"},"_chains":{"BXeJTbwZlrMPEWXcNmNsG2WinXzfB9x8UbKegmIHezNv":{"chainKey":{"counter":0,"key":"CydG4PE8S3bxyskqtyh/30hNiISR0mtHuCTKocpAjGQ="},"chainType":1,"messageKeys":{}}},"pendingPreKey":{"signedKeyId":2,"baseKey":"BZkffvXu+acaBm+5+aOSOqQk5xlwd9wCIVkuypu15d5X","preKeyId":15791296}}},"version":"v1"}