{"_sessions":{"BSRj1V7gbkSuPQvkDlqK43SpDh3KPfij/yv8yHwaiNN0":{"registrationId":749576330,"currentRatchet":{"ephemeralKeyPair":{"pubKey":"BW88igMlsCS/P+TnXrTPS7ImmHacCPDkJRJ95Or1YEN9","privKey":"EMHD6IJcozAm/lFDr2bzfbYC29NyGkn58tTxYJp912E="},"lastRemoteEphemeralKey":"BUNnylDckXzrb9NqVJYHK7BeYyZGWxm2Gpbl6WLMpX5W","previousCounter":0,"rootKey":"9DwqKfSWvApGKPXI69pkb2ytfG18QA0ZRqMnULDaBSY="},"indexInfo":{"baseKey":"BSRj1V7gbkSuPQvkDlqK43SpDh3KPfij/yv8yHwaiNN0","baseKeyType":1,"closed":1738500826002,"used":1738500825339,"created":1738500825339,"remoteIdentityKey":"BZySHIeyGPdO840syEG5lc+MK6irskhW2Pb7VqRspgp9"},"_chains":{"BW88igMlsCS/P+TnXrTPS7ImmHacCPDkJRJ95Or1YEN9":{"chainKey":{"counter":-1,"key":"j/jlTLOTt8VK2TBux5bH458eOZFvKeDLQ5nimxM/a7o="},"chainType":1,"messageKeys":{}}},"pendingPreKey":{"signedKeyId":1,"baseKey":"BSRj1V7gbkSuPQvkDlqK43SpDh3KPfij/yv8yHwaiNN0","preKeyId":14634665}},"BS7PtJ8XPHBZWoUsdp7dJK2tkq7fxlVo/aPjnTUOCfp8":{"registrationId":749576330,"currentRatchet":{"ephemeralKeyPair":{"pubKey":"BZVpicALUMfK89+LJUFytRH6Wt4jsnc5DHNOUVUwCJ8j","privKey":"GGnQPmELM4cHALHqJ2+ljMwuFfhlA7YcIVb/S9B4xHU="},"lastRemoteEphemeralKey":"BUNnylDckXzrb9NqVJYHK7BeYyZGWxm2Gpbl6WLMpX5W","previousCounter":0,"rootKey":"As3gmJ3flder8QTU/+nXDpG5hHO/EC0ToA6mKz8Uzxk="},"indexInfo":{"baseKey":"BS7PtJ8XPHBZWoUsdp7dJK2tkq7fxlVo/aPjnTUOCfp8","baseKeyType":1,"closed":-1,"used":1738500826001,"created":1738500826001,"remoteIdentityKey":"BZySHIeyGPdO840syEG5lc+MK6irskhW2Pb7VqRspgp9"},"_chains":{"BZVpicALUMfK89+LJUFytRH6Wt4jsnc5DHNOUVUwCJ8j":{"chainKey":{"counter":1,"key":"/q0iOu4QHmjeG5VXYkYT9ciEQtvDKmIiQheTnyI6fCU="},"chainType":1,"messageKeys":{}}},"pendingPreKey":{"signedKeyId":1,"baseKey":"BS7PtJ8XPHBZWoUsdp7dJK2tkq7fxlVo/aPjnTUOCfp8","preKeyId":14634736}}},"version":"v1"}