{"_sessions":{"BdamZfZbuObLhDMCbsM0tQVUU2LKCrtwtaQpaz4PWTYs":{"registrationId":12490657,"currentRatchet":{"ephemeralKeyPair":{"pubKey":"BUTEmGI4oASy2fI/pR4iZMkAN3N3m9N/SOKmP/tF/BBM","privKey":"MAJD+cikBbN69/XFYbP0DkXEm1TUGwtFB8PmY3+krGU="},"lastRemoteEphemeralKey":"BbvX6FWgaNUJ1cGBmp3vLBlxc3mADE+4lnDrvhh+GWJJ","previousCounter":0,"rootKey":"xer5w+FDdcw9+U7bD7e6xiqz31vDBxm5UooX5QduORY="},"indexInfo":{"baseKey":"BdamZfZbuObLhDMCbsM0tQVUU2LKCrtwtaQpaz4PWTYs","baseKeyType":1,"closed":1738523140210,"used":1738523139753,"created":1738523139753,"remoteIdentityKey":"BQWdRyVtpkUKQCHy0Gi+68EYkiJetvW30WpTkeIL2g85"},"_chains":{"BUTEmGI4oASy2fI/pR4iZMkAN3N3m9N/SOKmP/tF/BBM":{"chainKey":{"counter":-1,"key":"kIEAgPYXdDcJNsO1Vc3xtOT80Cvnlourv50UycnStbM="},"chainType":1,"messageKeys":{}}},"pendingPreKey":{"signedKeyId":0,"baseKey":"BdamZfZbuObLhDMCbsM0tQVUU2LKCrtwtaQpaz4PWTYs"}},"BWcyZezFDfytvtoU+PEMxyTkKyetQTkoQWE34PnwpEkm":{"registrationId":12490657,"currentRatchet":{"ephemeralKeyPair":{"pubKey":"BWneID9D27u0mcYjUcTrQe/kgso76ZbRdGKueE7aoh0P","privKey":"EE3VHYzD4ZUAFxarb30UQjfIP5ydl5Zd7a7YxrrM52M="},"lastRemoteEphemeralKey":"BbvX6FWgaNUJ1cGBmp3vLBlxc3mADE+4lnDrvhh+GWJJ","previousCounter":0,"rootKey":"LkbLW1bn/J2LMXTwmH+PRW13v0klL9bk19G6H2Uz09M="},"indexInfo":{"baseKey":"BWcyZezFDfytvtoU+PEMxyTkKyetQTkoQWE34PnwpEkm","baseKeyType":1,"closed":-1,"used":1738523140209,"created":1738523140209,"remoteIdentityKey":"BQWdRyVtpkUKQCHy0Gi+68EYkiJetvW30WpTkeIL2g85"},"_chains":{"BWneID9D27u0mcYjUcTrQe/kgso76ZbRdGKueE7aoh0P":{"chainKey":{"counter":1,"key":"rZq8Hlf3VP6KWay+7p1dlT94EI+sXGMlKolzJHwvHAc="},"chainType":1,"messageKeys":{}}},"pendingPreKey":{"signedKeyId":0,"baseKey":"BWcyZezFDfytvtoU+PEMxyTkKyetQTkoQWE34PnwpEkm"}}},"version":"v1"}