{"_sessions":{"BbzFmz8W1q3Y/OAuE1mIWlvqJ5qGdS+goHiyEG2/cqFo":{"registrationId":79,"currentRatchet":{"ephemeralKeyPair":{"pubKey":"BRzCi9Lbd1Mbd3KLv6pZz2gni6J0rYfE/tRM2Gqup6V+","privKey":"cCM2J4ayAAJvB6JPbPyHVuYopVym5p0Ggb2J9RS4G1o="},"lastRemoteEphemeralKey":"BQPmAeHSOK+9l7wtSkOcCiOqwvp0OZvqyV4SRtfdK+lA","previousCounter":0,"rootKey":"gVFJuKJtGLQV4wEdps3Pw3qO1+zJOsdVrNt7yOt26i8="},"indexInfo":{"baseKey":"BbzFmz8W1q3Y/OAuE1mIWlvqJ5qGdS+goHiyEG2/cqFo","baseKeyType":1,"closed":1738523139855,"used":1738523139668,"created":1738523139668,"remoteIdentityKey":"BaDSyMHnKw1wfCwCBrcK1hxqeBK+pNaRrqMXriyHdOd3"},"_chains":{"BRzCi9Lbd1Mbd3KLv6pZz2gni6J0rYfE/tRM2Gqup6V+":{"chainKey":{"counter":-1,"key":"/zIjXGfoX/2SBwe04mdJvtFNuuIiFVLmWtujAfgajjA="},"chainType":1,"messageKeys":{}}},"pendingPreKey":{"signedKeyId":1,"baseKey":"BbzFmz8W1q3Y/OAuE1mIWlvqJ5qGdS+goHiyEG2/cqFo"}},"BbFhyw97rlDPaqE7xScUpx+QeZqBvPNq+ycWe21cx+ZG":{"registrationId":79,"currentRatchet":{"ephemeralKeyPair":{"pubKey":"BYtqdg8zisZMPryIdR8ZqOAaKlBYp1Ojx+ytZKpdqwp+","privKey":"iAmZwFHs9tB768cU9IoPvw705LuTZj7fnr6EpI17gkM="},"lastRemoteEphemeralKey":"BQPmAeHSOK+9l7wtSkOcCiOqwvp0OZvqyV4SRtfdK+lA","previousCounter":0,"rootKey":"jkvoRgKJVgUPTxah4bgyEowbV5gm7lMdklTJQS3Aqlg="},"indexInfo":{"baseKey":"BbFhyw97rlDPaqE7xScUpx+QeZqBvPNq+ycWe21cx+ZG","baseKeyType":1,"closed":-1,"used":1738523139853,"created":1738523139853,"remoteIdentityKey":"BaDSyMHnKw1wfCwCBrcK1hxqeBK+pNaRrqMXriyHdOd3"},"_chains":{"BYtqdg8zisZMPryIdR8ZqOAaKlBYp1Ojx+ytZKpdqwp+":{"chainKey":{"counter":1,"key":"UAHQfGaQkPT33e1R8QN8wNUKZ35ELz9fners19Ee+10="},"chainType":1,"messageKeys":{}}},"pendingPreKey":{"signedKeyId":1,"baseKey":"BbFhyw97rlDPaqE7xScUpx+QeZqBvPNq+ycWe21cx+ZG"}}},"version":"v1"}