{"_sessions":{"BYzEcFSSSuiFHKIUXYVTaH5Nl+YK8q8Naoyr/T1hFg5S":{"registrationId":222690096,"currentRatchet":{"ephemeralKeyPair":{"pubKey":"BQCGjXZ7JDrDAKjV7mWY3HcpBOFoMA0JM8NrYao5MKwJ","privKey":"sFN9EtSiHzqWUlCi76UX2G2mAizYMRPsyy/XQk8/w0I="},"lastRemoteEphemeralKey":"BUDPfHaZ6FanGPwtq+Ih3rvpO7IWg0y8I1dysDCdjuBW","previousCounter":0,"rootKey":"ZC4bjWSf/f+PFu4W5C378jwArQDOYWkhfLgIM9hOP1k="},"indexInfo":{"baseKey":"BYzEcFSSSuiFHKIUXYVTaH5Nl+YK8q8Naoyr/T1hFg5S","baseKeyType":1,"closed":-1,"used":1738507892122,"created":1738507892122,"remoteIdentityKey":"Bd/1kOGuDkE22czJV0fP4BIulrHrTtMRUqmYgtHsTpNM"},"_chains":{"BQCGjXZ7JDrDAKjV7mWY3HcpBOFoMA0JM8NrYao5MKwJ":{"chainKey":{"counter":0,"key":"wTJHURoPy9lnp2jX2rJqjb275GcSCMhhPvSh1aVa6ng="},"chainType":1,"messageKeys":{}}},"pendingPreKey":{"signedKeyId":2,"baseKey":"BYzEcFSSSuiFHKIUXYVTaH5Nl+YK8q8Naoyr/T1hFg5S","preKeyId":16227261}}},"version":"v1"}