{"_sessions":{"BX9/1il7jZayo6K1uT/XYqhcxGL5uTRSIT/NB+fzn8BA":{"registrationId":621628227,"currentRatchet":{"ephemeralKeyPair":{"pubKey":"BUfstohH/vCxK1w14Ltl1z2UwrGaoX5DJdX6lOWEsuU5","privKey":"WFzUm/IQDtKn1QgwTJTwMiNn7XUNZGjjk9Y4PrTfylg="},"lastRemoteEphemeralKey":"BdXzHuWX/Di/Hh9tzyT0ke8jmlnn3jKni76dzeEgc1tO","previousCounter":0,"rootKey":"tjppVSA2OgPUfloUfaXgeKMUs4qLKW8E7DsztEzQh7A="},"indexInfo":{"baseKey":"BX9/1il7jZayo6K1uT/XYqhcxGL5uTRSIT/NB+fzn8BA","baseKeyType":1,"closed":-1,"used":1738501651898,"created":1738501651898,"remoteIdentityKey":"BeHUi0M/MS3tL8dpEDlCZXevAItLnCbekBk5DgZK4gwu"},"_chains":{"BUfstohH/vCxK1w14Ltl1z2UwrGaoX5DJdX6lOWEsuU5":{"chainKey":{"counter":0,"key":"gCbTAtoz+5vx6I77K9TWFV4b8nFDJ1RXwB7M0BPCQwA="},"chainType":1,"messageKeys":{}}},"pendingPreKey":{"signedKeyId":6,"baseKey":"BX9/1il7jZayo6K1uT/XYqhcxGL5uTRSIT/NB+fzn8BA","preKeyId":3270840}}},"version":"v1"}