{"_sessions":{"BW2PNUhgJ+e3UR+h3a6ho819TMTUXdTXVLkrwTrALvgl":{"registrationId":9637,"currentRatchet":{"ephemeralKeyPair":{"pubKey":"BSa04NIhEt0MknayHaN5lWWJiAKFA89IXa4OD+ejsKFj","privKey":"uJB28LQpdfQk2FycGHioZMbvPN+UYYe7R0s8dkfXimM="},"lastRemoteEphemeralKey":"BT+Pq9iIH6C2fvUkMebIBIlfaXcaxOITx8f55XU/BspK","previousCounter":0,"rootKey":"0JsJdXB+F4tgvbhrrx4ehNJEr1im2C/x0z690kYqS0o="},"indexInfo":{"baseKey":"BW2PNUhgJ+e3UR+h3a6ho819TMTUXdTXVLkrwTrALvgl","baseKeyType":1,"closed":-1,"used":1738571520795,"created":1738571520795,"remoteIdentityKey":"BR4mW0sLa/4xOZspjRl+kBATdtgSgCv0l7gurG3E1jhV"},"_chains":{"BSa04NIhEt0MknayHaN5lWWJiAKFA89IXa4OD+ejsKFj":{"chainKey":{"counter":0,"key":"MG2j1jY/818Z2cMd1dEqdILjSwpnah7RWAlXbvvtx+8="},"chainType":1,"messageKeys":{}}},"pendingPreKey":{"signedKeyId":1,"baseKey":"BW2PNUhgJ+e3UR+h3a6ho819TMTUXdTXVLkrwTrALvgl","preKeyId":179}}},"version":"v1"}