{"_sessions":{"BVWDRsDGP/PccBzSgjEjVO/qufQbMiQbQf2nD0KBbqhf":{"registrationId":955596953,"currentRatchet":{"ephemeralKeyPair":{"pubKey":"Bc085HdiAM1Qu/WnBWOuxSwM0/E75U9qjmkY57kN1KJU","privKey":"UHTwy0dAqHHLcV4rxMZNMV9uW1o0UZ7oaNjzhlp3l2g="},"lastRemoteEphemeralKey":"BaljpHwdWu+vgjB3rjD0O2H7nWw42ckkhc0ZA9u/jJQz","previousCounter":0,"rootKey":"+H5q6ZJ0Oo/9r/O7wOuNhIHsH9PY0clhrZBRSo+2CiQ="},"indexInfo":{"baseKey":"BVWDRsDGP/PccBzSgjEjVO/qufQbMiQbQf2nD0KBbqhf","baseKeyType":1,"closed":-1,"used":1738507892297,"created":1738507892297,"remoteIdentityKey":"BW+3PMsBAGpuAvaExHrB7bSFTr2yauOWE9990MH66wt5"},"_chains":{"Bc085HdiAM1Qu/WnBWOuxSwM0/E75U9qjmkY57kN1KJU":{"chainKey":{"counter":0,"key":"l7BumavC7oXP9VI9ViBEwpVdzhpsq1I6xvhc5hCmBbg="},"chainType":1,"messageKeys":{}}},"pendingPreKey":{"signedKeyId":1,"baseKey":"BVWDRsDGP/PccBzSgjEjVO/qufQbMiQbQf2nD0KBbqhf","preKeyId":9683676}}},"version":"v1"}