{"_sessions":{"Bf77yTxyMtN4OJBomLDz0ndRN3hsm9CMgrhj5yj8xfZ+":{"registrationId":916699406,"currentRatchet":{"ephemeralKeyPair":{"pubKey":"BQTH9Gv5S2QEQ5PPIO733nl7TSZf0uCF2C0YWSrB4Kx2","privKey":"WLmUOZfkPOWKTM5T2qfRuJkYfupVZQ83IFG7RZDcZUY="},"lastRemoteEphemeralKey":"Bckf/uKtyQnZz60jxs/XymUh28aldCO26UrIJOjkXE4e","previousCounter":0,"rootKey":"P/rvtTaImvUZjUbWRsz9NDFjOQDotnVhkNngbi7eqSU="},"indexInfo":{"baseKey":"Bf77yTxyMtN4OJBomLDz0ndRN3hsm9CMgrhj5yj8xfZ+","baseKeyType":1,"closed":-1,"used":1738507892304,"created":1738507892304,"remoteIdentityKey":"BVVl+kPt8DFwIzHhPGiP65sgx0vz2Q/co64khd8ZciVg"},"_chains":{"BQTH9Gv5S2QEQ5PPIO733nl7TSZf0uCF2C0YWSrB4Kx2":{"chainKey":{"counter":0,"key":"F+YGcGZnAI+QnjMy6VrV4p6gNojeUcQIhzpc2mxqH4U="},"chainType":1,"messageKeys":{}}},"pendingPreKey":{"signedKeyId":1,"baseKey":"Bf77yTxyMtN4OJBomLDz0ndRN3hsm9CMgrhj5yj8xfZ+"}}},"version":"v1"}