{"_sessions":{"BXSNI/lEsTZUJjq83bRsyYpbleSZnY6xXUka+AahWJFa":{"registrationId":319840861,"currentRatchet":{"ephemeralKeyPair":{"pubKey":"Ba285wN8Bms5BNhBsKv5G//wSAgXUyWcc7MFVd1lqp43","privKey":"WCmyEM1itKlLZ8oP2rGSaYpazEXHfWuXqeCieRLHpHs="},"lastRemoteEphemeralKey":"BTy0XpKr5fJA2Dvn+sitFenH5gNjS+07nTlVu/+1i7Qx","previousCounter":0,"rootKey":"7nyVYtw99h1zqoTGYaadKdlSRXbiByj7vFbyj0J0fVw="},"indexInfo":{"baseKey":"BXSNI/lEsTZUJjq83bRsyYpbleSZnY6xXUka+AahWJFa","baseKeyType":1,"closed":1738500826447,"used":1738500825430,"created":1738500825430,"remoteIdentityKey":"BZy47Fb7MUcVDjXhgxtkbz8kLkI8ZbQeQjtwCtXk8Gh/"},"_chains":{"Ba285wN8Bms5BNhBsKv5G//wSAgXUyWcc7MFVd1lqp43":{"chainKey":{"counter":-1,"key":"eL0eoo7LGGON2sPw6Azk3Gld3iMu6OY/ZPb8Fshmzik="},"chainType":1,"messageKeys":{}}},"pendingPreKey":{"signedKeyId":2,"baseKey":"BXSNI/lEsTZUJjq83bRsyYpbleSZnY6xXUka+AahWJFa","preKeyId":4049085}},"BUKT07dJH+jXKGDLqcSNqNp4+etxCj7WEpqajIIwteAA":{"registrationId":319840861,"currentRatchet":{"ephemeralKeyPair":{"pubKey":"BUuf8MMgcqwgriip6Bl9akGRwZzQw1uwlW7LP/fGejwk","privKey":"eF/hphN8Ho5rM3nEJp0XgZ38YU7MaQRpNChjMQigZWE="},"lastRemoteEphemeralKey":"BTy0XpKr5fJA2Dvn+sitFenH5gNjS+07nTlVu/+1i7Qx","previousCounter":0,"rootKey":"zvkjGgRQvXxPJKrIbz3rUU3lziXYx4Til7CiLYLyFpg="},"indexInfo":{"baseKey":"BUKT07dJH+jXKGDLqcSNqNp4+etxCj7WEpqajIIwteAA","baseKeyType":1,"closed":-1,"used":1738500826445,"created":1738500826445,"remoteIdentityKey":"BZy47Fb7MUcVDjXhgxtkbz8kLkI8ZbQeQjtwCtXk8Gh/"},"_chains":{"BUuf8MMgcqwgriip6Bl9akGRwZzQw1uwlW7LP/fGejwk":{"chainKey":{"counter":1,"key":"Dh1fVK1xI7X++Fd/K/9D7EccEx39xqErzgJUtbOXWdo="},"chainType":1,"messageKeys":{}}},"pendingPreKey":{"signedKeyId":2,"baseKey":"BUKT07dJH+jXKGDLqcSNqNp4+etxCj7WEpqajIIwteAA","preKeyId":4048981}}},"version":"v1"}