{"_sessions":{"BT8qDsx6WCqaTksrEORkHXKjH3jbu78qMAdpjfDzdO19":{"registrationId":147,"currentRatchet":{"ephemeralKeyPair":{"pubKey":"BSchLRkKS/n/tE1gOOnXqMYZrWAJYY/UXCB9fw+wIbdo","privKey":"2O/B7KnWnOZVocjJq3q3ekwnMVrYLKsl2i+g7h/1hH0="},"lastRemoteEphemeralKey":"BYvSgTyhZpq9RQWcpEIKS7rJMxYYFNgkLlqhn2dIS/ll","previousCounter":0,"rootKey":"4tjHuykrn/Eglp8U58FVeAHziobx1uPhSqdT4ATflPI="},"indexInfo":{"baseKey":"BT8qDsx6WCqaTksrEORkHXKjH3jbu78qMAdpjfDzdO19","baseKeyType":1,"closed":1738523139948,"used":1738523139702,"created":1738523139702,"remoteIdentityKey":"BaVxLi+iWlfLAOsIilsHex7vF2AhmubByAxFgb4d+mdf"},"_chains":{"BSchLRkKS/n/tE1gOOnXqMYZrWAJYY/UXCB9fw+wIbdo":{"chainKey":{"counter":-1,"key":"rtv6+A/mh+xFKKx8/MNuJh8q4qdLklxkkV4KWMciAPM="},"chainType":1,"messageKeys":{}}},"pendingPreKey":{"signedKeyId":1,"baseKey":"BT8qDsx6WCqaTksrEORkHXKjH3jbu78qMAdpjfDzdO19"}},"BaqfmQYGWzCsxhU9+hlLfeXLm84j4x6YPCN6el0tSOsm":{"registrationId":147,"currentRatchet":{"ephemeralKeyPair":{"pubKey":"BaO+DoVbzDJsUxx6hQlALaBg92Cs29Va9xwGPFiylbEh","privKey":"qA0it1H7SdRxOqdVndnC++PT4zojejR4Q/qkd0ttFWY="},"lastRemoteEphemeralKey":"BYvSgTyhZpq9RQWcpEIKS7rJMxYYFNgkLlqhn2dIS/ll","previousCounter":0,"rootKey":"UeQZYFJU0xPrDKeMZxs9kzQcY387Dbd4amydGt0Q/vs="},"indexInfo":{"baseKey":"BaqfmQYGWzCsxhU9+hlLfeXLm84j4x6YPCN6el0tSOsm","baseKeyType":1,"closed":-1,"used":1738523139947,"created":1738523139947,"remoteIdentityKey":"BaVxLi+iWlfLAOsIilsHex7vF2AhmubByAxFgb4d+mdf"},"_chains":{"BaO+DoVbzDJsUxx6hQlALaBg92Cs29Va9xwGPFiylbEh":{"chainKey":{"counter":1,"key":"8q9gGy1cYUO/X2X4wl/+vTMtVixbUCMPuEzPoWrYcpQ="},"chainType":1,"messageKeys":{}}},"pendingPreKey":{"signedKeyId":1,"baseKey":"BaqfmQYGWzCsxhU9+hlLfeXLm84j4x6YPCN6el0tSOsm"}}},"version":"v1"}