{"_sessions":{"BXyYNog8BPYvmNXteFpa4Z3Po+JiwVO0E57+Id/n2I17":{"registrationId":1092774141,"currentRatchet":{"ephemeralKeyPair":{"pubKey":"BSI1hx35qtdmwBfIpYWyozrNiaFywuolCAK9wgw8XXR8","privKey":"gPe7QOlx6DL3Pam578tQTLZic+QCPsz/cyqElfd3mVE="},"lastRemoteEphemeralKey":"BcipH8aJ0+YSwoHt2xotT9cnTXcTTCcm4KibgRSOhssl","previousCounter":0,"rootKey":"2DEi0bl6p2PsqkJTss9IGxKHXejSM5rpIQYBwPz/o58="},"indexInfo":{"baseKey":"BXyYNog8BPYvmNXteFpa4Z3Po+JiwVO0E57+Id/n2I17","baseKeyType":1,"closed":-1,"used":1738623303734,"created":1738501656258,"remoteIdentityKey":"BUqOdxTwxKIKJ8NfquLXZjgZnVTCUihTv2Fov3unckMG"},"_chains":{"BcipH8aJ0+YSwoHt2xotT9cnTXcTTCcm4KibgRSOhssl":{"chainKey":{"counter":1,"key":"VxNKIyMQEgkzABuQpjI/qUQLehSWoccH4H5PJfH88CY="},"chainType":2,"messageKeys":{}},"BSI1hx35qtdmwBfIpYWyozrNiaFywuolCAK9wgw8XXR8":{"chainKey":{"counter":-1,"key":"HXkNPEugz9AsIhM/NuXKhsisFb9hltj1LhfjJchdKqI="},"chainType":1,"messageKeys":{}}}}},"version":"v1"}