{"_sessions":{"BSfS5ohl0Bt5//Rp2C4a2fqEhvDov2JMG16RPlLSIFMn":{"registrationId":1790336307,"currentRatchet":{"ephemeralKeyPair":{"pubKey":"BZDkKshhTsD10fEwdLU6iDM7cBNukKHUF+EmvwBtrGZv","privKey":"EPUQYyrTbJ/6TY42XadLyU6gYw7kAMSgxHlHKBRcl10="},"lastRemoteEphemeralKey":"BVB10Eo0hIT9LHJm4vRe3DfaUpxspnvvB6dQHo1zigoy","previousCounter":0,"rootKey":"9cg5H1Y/VA4gb0mXSZZLqxqB1HZGF/bqO+6jSz7VmsA="},"indexInfo":{"baseKey":"BSfS5ohl0Bt5//Rp2C4a2fqEhvDov2JMG16RPlLSIFMn","baseKeyType":1,"closed":-1,"used":1738501656393,"created":1738501656393,"remoteIdentityKey":"BfAXgUS8md5jb8v1iuZPeLeiD0koxtmdsgiULiRD9wlM"},"_chains":{"BZDkKshhTsD10fEwdLU6iDM7cBNukKHUF+EmvwBtrGZv":{"chainKey":{"counter":0,"key":"f2UvQhcL2ySQhjeStgT1GsMNdb0WpLN/sDxLRIbGF3Y="},"chainType":1,"messageKeys":{}}},"pendingPreKey":{"signedKeyId":4,"baseKey":"BSfS5ohl0Bt5//Rp2C4a2fqEhvDov2JMG16RPlLSIFMn","preKeyId":8773428}}},"version":"v1"}