{"_sessions":{"Bfu61xtbVemtGmjQk4t+HI0s02ef08AEa1D2HrsqCJA+":{"registrationId":38847429,"currentRatchet":{"ephemeralKeyPair":{"pubKey":"BbpHoJnLhYlOlHbNmAWTF4g1SaHvRO7neov3298prJxv","privKey":"2KHt9DgZc6f5Xaabn2V0l9ZzPQs/EcNHAiTKnwfhoXA="},"lastRemoteEphemeralKey":"BRuAR9XV0SVSWD6v/ySWKIb0lhAoh1dk3DB/2WSGExRg","previousCounter":0,"rootKey":"Q0fhCfjrRLpqblsqNc4wsAnXDf307Nu+R+oN23RImn0="},"indexInfo":{"baseKey":"Bfu61xtbVemtGmjQk4t+HI0s02ef08AEa1D2HrsqCJA+","baseKeyType":1,"closed":-1,"used":1738624440501,"created":1738501656492,"remoteIdentityKey":"BUv90NjsBsv+bE9CqnUPIgiK3vFyZVRM0gtEqaSjbqds"},"_chains":{"BRuAR9XV0SVSWD6v/ySWKIb0lhAoh1dk3DB/2WSGExRg":{"chainKey":{"counter":1,"key":"n9bosP9VOZLhrsDAoJ+cRpJDmkTy/jK6g3fLvwgDgsE="},"chainType":2,"messageKeys":{}},"BbpHoJnLhYlOlHbNmAWTF4g1SaHvRO7neov3298prJxv":{"chainKey":{"counter":-1,"key":"cx5/szpGl43WlhwsYJ97zMIE6R578VyUSfhMsf+Y7SI="},"chainType":1,"messageKeys":{}}}}},"version":"v1"}