{"_sessions":{"BeiTos3XZTxyxvue+r+BjmOkPT38ziPNQQNEJ0c+bgw0":{"registrationId":878167631,"currentRatchet":{"ephemeralKeyPair":{"pubKey":"BWWIq2gvlZo3jS0huULPOFpqtL2jZ11DrECB/eLnbKJJ","privKey":"KKu19zo+m/gOiL8/F7gAgx0kAJ+aSHPPOvHX3gAkU2I="},"lastRemoteEphemeralKey":"BVqLf+LzEKJQ8biG7Fc0kOO2q29411Roa3ky1LsSPVU1","previousCounter":0,"rootKey":"WI87jkRsZ9LC2ix0HobXNX859+PwEYHkePOhfoijtyA="},"indexInfo":{"baseKey":"BeiTos3XZTxyxvue+r+BjmOkPT38ziPNQQNEJ0c+bgw0","baseKeyType":1,"closed":-1,"used":1738673805042,"created":1738501657568,"remoteIdentityKey":"BextSPIuSzOfe7oKzenpagI3uctKt1Twea4IITp2PZJi"},"_chains":{"BVqLf+LzEKJQ8biG7Fc0kOO2q29411Roa3ky1LsSPVU1":{"chainKey":{"counter":2,"key":"vE1O1PvGtoifB/3O/8Dh4l20zWOlmD+IIPICLhVcvws="},"chainType":2,"messageKeys":{}},"BWWIq2gvlZo3jS0huULPOFpqtL2jZ11DrECB/eLnbKJJ":{"chainKey":{"counter":-1,"key":"qC9xWL5IyZ/udM3aH07qmSITT7q3k96wDrDGCBUpwaA="},"chainType":1,"messageKeys":{}}}}},"version":"v1"}