{"_sessions":{"BW3wzkVEbTr1qCMvOn2yC68oPEaCx/Oyudk7KWk7UagA":{"registrationId":1892450592,"currentRatchet":{"ephemeralKeyPair":{"pubKey":"BSAyr51e1A/GABPvcpkq1S1jBdu9SNHqESNlIo/9uUI2","privKey":"OP3F2SwYlzAWNSj0HUgMiKTV6J6RLBq1am0SYZ4wGU8="},"lastRemoteEphemeralKey":"BfLEErNKGMVD7VsKnJLh21B8P3CGLA22kLZOZ38z+Ulj","previousCounter":0,"rootKey":"lmLrA8vL9aSK0C/NQRherd/MUUJ5BMJGulZyzRDsARQ="},"indexInfo":{"baseKey":"BW3wzkVEbTr1qCMvOn2yC68oPEaCx/Oyudk7KWk7UagA","baseKeyType":1,"closed":-1,"used":1738507892241,"created":1738507892241,"remoteIdentityKey":"BewBmv8OgGKiA9OwuxXIHd53/J7GEGUrpAU04xA7dXAn"},"_chains":{"BSAyr51e1A/GABPvcpkq1S1jBdu9SNHqESNlIo/9uUI2":{"chainKey":{"counter":0,"key":"6lrOMBvUfXanG1WKEFn8nz3F663UYqYn04TB30FmzOM="},"chainType":1,"messageKeys":{}}},"pendingPreKey":{"signedKeyId":9,"baseKey":"BW3wzkVEbTr1qCMvOn2yC68oPEaCx/Oyudk7KWk7UagA","preKeyId":9688935}}},"version":"v1"}