{"_sessions":{"BTKrifRp5t1jIINjmupKtA2Zb6VnQJTFGQ5+IhuVAQVE":{"registrationId":373654470,"currentRatchet":{"ephemeralKeyPair":{"pubKey":"BdUDRFfDVFZ1oyUmLPb2FZHsOtckhLqLgItDFMieLhVn","privKey":"WEpghh590Lq9KwB9LtfG6gpPnw6PS0Jy02Qc0OZ7s3Y="},"lastRemoteEphemeralKey":"BXJS4R7TjufGX3nQayPjwMdU0buPfEz3VODwYHtp4WFj","previousCounter":0,"rootKey":"JlH35+XE0DQpGMW+CsH8Lyy+5Ctt+1r9hls4/XxrtBo="},"indexInfo":{"baseKey":"BTKrifRp5t1jIINjmupKtA2Zb6VnQJTFGQ5+IhuVAQVE","baseKeyType":1,"closed":-1,"used":1738620604762,"created":1738501657447,"remoteIdentityKey":"BWugKmwwnmjcC/HoWansteZkwHPfbE5YtwPBL2VI3AY4"},"_chains":{"BXJS4R7TjufGX3nQayPjwMdU0buPfEz3VODwYHtp4WFj":{"chainKey":{"counter":1,"key":"pj0uY0NHs7Oh+PxUzrXwXhHEpA0svhtkPozp/uZ527I="},"chainType":2,"messageKeys":{}},"BdUDRFfDVFZ1oyUmLPb2FZHsOtckhLqLgItDFMieLhVn":{"chainKey":{"counter":-1,"key":"18gbV2qJL/RTb9h7nxSh9uGLkxB3ZGm2lC8BBsgH2z0="},"chainType":1,"messageKeys":{}}}}},"version":"v1"}