{"_sessions":{"BToYktV60v4T6a9MwYdthNcJIBBUg0dXOnqY3cGFJ8ZZ":{"registrationId":1423190074,"currentRatchet":{"ephemeralKeyPair":{"pubKey":"BYeuMyJcuw589Yzg2fBRbKndv2yP3Da9+jlK0373nxNB","privKey":"MFmdq3koP6YghywXuW5IeWNdH4btjTaPsUINqmujG0Q="},"lastRemoteEphemeralKey":"BXYn/Uy+inUl97+aIXBp/3anZ8Ch6BY6yIOzYpfvNjlX","previousCounter":0,"rootKey":"dQhz+xY1yLNfsglB6k0BnwwpJoCa7GBuR/QNI9OcrFU="},"indexInfo":{"baseKey":"BToYktV60v4T6a9MwYdthNcJIBBUg0dXOnqY3cGFJ8ZZ","baseKeyType":1,"closed":-1,"used":1738507892327,"created":1738507892327,"remoteIdentityKey":"BTS9DemFUAiYp8qHVQpQ+Kwbz0OgM0ib8MLj8JCcROY/"},"_chains":{"BYeuMyJcuw589Yzg2fBRbKndv2yP3Da9+jlK0373nxNB":{"chainKey":{"counter":0,"key":"hEemx3vFV0lpF64W2RVQ/aYsKY3EplPQnx+8P6Shy5s="},"chainType":1,"messageKeys":{}}},"pendingPreKey":{"signedKeyId":0,"baseKey":"BToYktV60v4T6a9MwYdthNcJIBBUg0dXOnqY3cGFJ8ZZ","preKeyId":9958916}}},"version":"v1"}