{"_sessions":{"BYS55QgTR05jPxaggtxEJnbk3xcWHqHPBeZI7fjZrsoS":{"registrationId":358437298,"currentRatchet":{"ephemeralKeyPair":{"pubKey":"BbuKn4mhHC9PzDc5imzQjAq/lvirxc628QfpY1tgzjx+","privKey":"4FK5Z93P2fmT7oz/ih+W6oqmeXY1u0rTy8yjl1ccDWc="},"lastRemoteEphemeralKey":"BXEmk6ZVzQtj6lmHKMyhCLT8QPw2rcfSc4jhFB5GY2Vm","previousCounter":0,"rootKey":"K4WPFww3epA3agbist4WY5W3sxM3CBwb7Wu9TQ8wE6s="},"indexInfo":{"baseKey":"BYS55QgTR05jPxaggtxEJnbk3xcWHqHPBeZI7fjZrsoS","baseKeyType":1,"closed":-1,"used":1738620792071,"created":1738501653904,"remoteIdentityKey":"BXYSoOcicC/RAIMTmz4PeBxnVbfiE/D2CNqvwfPvT5kV"},"_chains":{"BXEmk6ZVzQtj6lmHKMyhCLT8QPw2rcfSc4jhFB5GY2Vm":{"chainKey":{"counter":1,"key":"S+i2e7FiHtL8pLmCnPYSX3NDOtqX4pNbh6dVCwq6UhU="},"chainType":2,"messageKeys":{}},"BbuKn4mhHC9PzDc5imzQjAq/lvirxc628QfpY1tgzjx+":{"chainKey":{"counter":-1,"key":"/wcVqCWSV2Fy0OmIwvktzMRubXwXNG0/gpU7X1j/d94="},"chainType":1,"messageKeys":{}}}}},"version":"v1"}