{"_sessions":{"BdWqKP+euOyRby1n+4vpmdwkU3AFHjmJnqPNi4Kfk80U":{"registrationId":1808664231,"currentRatchet":{"ephemeralKeyPair":{"pubKey":"BfYPN2K1pOVC+zmCZhapYc8zMOlM+/B12KgdvLfrJ25V","privKey":"WI0Dz3pqVgfqDufxej+FIjFRHWm4pdhvt2PqTyn/qGA="},"lastRemoteEphemeralKey":"BTDGqZl+dpDG8X02YH6me2BUQPT+/8Q4a+RFWTigL185","previousCounter":0,"rootKey":"QNw3s0U952EkdzyTdIKJ0dn5Kx/5Sqd8l4feAteraRM="},"indexInfo":{"baseKey":"BdWqKP+euOyRby1n+4vpmdwkU3AFHjmJnqPNi4Kfk80U","baseKeyType":1,"closed":1738500825957,"used":1738500825334,"created":1738500825334,"remoteIdentityKey":"BcgRh23PJMM+0XqLm3SCCfBd6wzByOuWF0ZlhemX6YwY"},"_chains":{"BfYPN2K1pOVC+zmCZhapYc8zMOlM+/B12KgdvLfrJ25V":{"chainKey":{"counter":-1,"key":"DWQfKmnCWoJtb6oXmPK5gvfxfEy0H8+o6981jELR6Og="},"chainType":1,"messageKeys":{}}},"pendingPreKey":{"signedKeyId":10,"baseKey":"BdWqKP+euOyRby1n+4vpmdwkU3AFHjmJnqPNi4Kfk80U","preKeyId":950020}},"BUWqUjKeM0BgCBnD+us5/OnZp8uXggvCe3vpp8A0glg1":{"registrationId":1808664231,"currentRatchet":{"ephemeralKeyPair":{"pubKey":"BUnFbmGqPu03CSOETwitne3x34TDoFOJasu+eTOC0AJ5","privKey":"uCyffw9YQR15Kvk/h7tlB+yNJJJmZNGIoytkbAKrpHA="},"lastRemoteEphemeralKey":"BTDGqZl+dpDG8X02YH6me2BUQPT+/8Q4a+RFWTigL185","previousCounter":0,"rootKey":"eawbvNn6PAjRNAI2cBNr4DjiTrl9rWZ36fhL7rXyZZA="},"indexInfo":{"baseKey":"BUWqUjKeM0BgCBnD+us5/OnZp8uXggvCe3vpp8A0glg1","baseKeyType":1,"closed":-1,"used":1738500825955,"created":1738500825955,"remoteIdentityKey":"BcgRh23PJMM+0XqLm3SCCfBd6wzByOuWF0ZlhemX6YwY"},"_chains":{"BUnFbmGqPu03CSOETwitne3x34TDoFOJasu+eTOC0AJ5":{"chainKey":{"counter":1,"key":"BmCO5bR7RxUqpCGS9AMJ+9AhTciBuNI5L019tMIl6aE="},"chainType":1,"messageKeys":{}}},"pendingPreKey":{"signedKeyId":10,"baseKey":"BUWqUjKeM0BgCBnD+us5/OnZp8uXggvCe3vpp8A0glg1","preKeyId":949971}}},"version":"v1"}