{"_sessions":{"BSnp8mnQQv6o54R0lXdLAfainqTJt4DpTzQtV+LTI8gH":{"registrationId":1128914786,"currentRatchet":{"ephemeralKeyPair":{"pubKey":"BWWvDXhuHEwNEqoIq6suOIJN8P3Vb8SSx7ZafI0WNiRW","privKey":"kPkYQoS92aTfKAWl2i7q3sM15oQIPhdcq9rSyCYsfUI="},"lastRemoteEphemeralKey":"BTRZT3WszsfToibxF3+57umXx6t7EcwTeJJRnbHkkvph","previousCounter":0,"rootKey":"cBtiwZ3RB9HynlXWw3Mw+HSY0UjAqLfAEN/warLBles="},"indexInfo":{"baseKey":"BSnp8mnQQv6o54R0lXdLAfainqTJt4DpTzQtV+LTI8gH","baseKeyType":1,"closed":-1,"used":1738507892331,"created":1738507892331,"remoteIdentityKey":"BeZPYyyzp92NoWkQlpcLa1GEdIV18soEHPRvg13xyjR2"},"_chains":{"BWWvDXhuHEwNEqoIq6suOIJN8P3Vb8SSx7ZafI0WNiRW":{"chainKey":{"counter":0,"key":"61pb1NzLC2GkG5yvDpD4iobpZu3O7rynHUtSV+aJkP4="},"chainType":1,"messageKeys":{}}},"pendingPreKey":{"signedKeyId":2,"baseKey":"BSnp8mnQQv6o54R0lXdLAfainqTJt4DpTzQtV+LTI8gH","preKeyId":2149168}}},"version":"v1"}