{"_sessions":{"BSO0rBC2IZBgp/aLXBbn1cMiEVvmk2BurXIQZ70STpgh":{"registrationId":2099165926,"currentRatchet":{"ephemeralKeyPair":{"pubKey":"BR1xI4kPWGzP9XhbEVM98et3tD1eaAZrZ6s0p3tbmgco","privKey":"oBt7TesKxF7yYm3506/BDeTg+DlUckoBEmvc3nzUM2Y="},"lastRemoteEphemeralKey":"Bfk1ze1EkD+rTMupyXeQwxv8k/EfKem4Bhj+Ogi2wDRe","previousCounter":0,"rootKey":"Ov5vc3K4zBPCAwBSJ5xJzNBiUSm4brtYs/6mtBPhDJ4="},"indexInfo":{"baseKey":"BSO0rBC2IZBgp/aLXBbn1cMiEVvmk2BurXIQZ70STpgh","baseKeyType":1,"closed":1738500826116,"used":1738500825364,"created":1738500825364,"remoteIdentityKey":"BTwfdgKkf5N1AHslUnOyyCtUQwISUtIFUwwFxNb5pUw6"},"_chains":{"BR1xI4kPWGzP9XhbEVM98et3tD1eaAZrZ6s0p3tbmgco":{"chainKey":{"counter":-1,"key":"2jO9EiGTJ9je4WTKHlX5+FjaTA+upK7Z/K9JJd3K0m8="},"chainType":1,"messageKeys":{}}},"pendingPreKey":{"signedKeyId":2,"baseKey":"BSO0rBC2IZBgp/aLXBbn1cMiEVvmk2BurXIQZ70STpgh","preKeyId":7843329}},"BVQDsyTJIPGa87j2CNRbQfaDLKT6oIPMj/D9zTRjBEwe":{"registrationId":2099165926,"currentRatchet":{"ephemeralKeyPair":{"pubKey":"BepzRLggx+8g0cZwv5XPsWUmSQVqCZAKhN/QU3dDZVMX","privKey":"2GMvD/TG/+2j4/Vuol2f7iA67yitaL4yk8mTrtjFeUs="},"lastRemoteEphemeralKey":"Bfk1ze1EkD+rTMupyXeQwxv8k/EfKem4Bhj+Ogi2wDRe","previousCounter":0,"rootKey":"KBQif0M8svSur7RAkcdhm1/uLfUI73EZxDjDn4UysVo="},"indexInfo":{"baseKey":"BVQDsyTJIPGa87j2CNRbQfaDLKT6oIPMj/D9zTRjBEwe","baseKeyType":1,"closed":-1,"used":1738500826115,"created":1738500826115,"remoteIdentityKey":"BTwfdgKkf5N1AHslUnOyyCtUQwISUtIFUwwFxNb5pUw6"},"_chains":{"BepzRLggx+8g0cZwv5XPsWUmSQVqCZAKhN/QU3dDZVMX":{"chainKey":{"counter":1,"key":"byL/aI6/4vblYoTT09Boq6BYojN+ba65/egJ4vsmzSo="},"chainType":1,"messageKeys":{}}},"pendingPreKey":{"signedKeyId":2,"baseKey":"BVQDsyTJIPGa87j2CNRbQfaDLKT6oIPMj/D9zTRjBEwe","preKeyId":7843209}}},"version":"v1"}