{"_sessions":{"BW3wSFAF1bUaYn902/raR4v8wb2W8875smroOqksch9b":{"registrationId":444391161,"currentRatchet":{"ephemeralKeyPair":{"pubKey":"BXCXUdeMhjbm3P8d9REd5n7LH1J381BTv5uZzDzLkC5C","privKey":"QAK4n7LrHNy85CsnDIxr00swTbSCGHbbEr7OLNEhrUE="},"lastRemoteEphemeralKey":"BRfmdET1NKEQFoCXwnaM0d9X9oZDUu1bScHinRwZSz04","previousCounter":0,"rootKey":"fofkruW3jzjpQMMw+FSiMy3jPlEM2cl7F1CviVr2R4c="},"indexInfo":{"baseKey":"BW3wSFAF1bUaYn902/raR4v8wb2W8875smroOqksch9b","baseKeyType":1,"closed":-1,"used":1738571493302,"created":1738501653928,"remoteIdentityKey":"BSjUhHLDuuNqfOkJTdjOPS8eOevxeNLzNqjY2g4p+LsT"},"_chains":{"BRfmdET1NKEQFoCXwnaM0d9X9oZDUu1bScHinRwZSz04":{"chainKey":{"counter":0,"key":"GOJRyXdUifKgjYrPWfd8RCtd0rER2y21Nkx3tkEw++g="},"chainType":2,"messageKeys":{}},"BXCXUdeMhjbm3P8d9REd5n7LH1J381BTv5uZzDzLkC5C":{"chainKey":{"counter":-1,"key":"2eHrXkGgQeY+pr9lrZzhRhy8NmW3MMje/qXs1DLrWFo="},"chainType":1,"messageKeys":{}}}}},"version":"v1"}