{"_sessions":{"Bam4+ngNkpef+2E6ptY5+IFIW2BJkP7pnO1XSID9R3Yk":{"registrationId":720006055,"currentRatchet":{"ephemeralKeyPair":{"pubKey":"BZU+WPPFSEBllQf+k5eBixhMI3nATy3dCQF5GTc54j4R","privKey":"2DzNj04WdCIIIGF/OnRp+zc3+ZK2MRUtJ3Ah09dJdXY="},"lastRemoteEphemeralKey":"BYRsjKK99GK9TuqDjMAj3MQchdBhen7WkRD6RfnfyMhS","previousCounter":0,"rootKey":"GsIjLlv3MRA7wZ6aGrIe7Qr4GEj2812G35hv39rjPdU="},"indexInfo":{"baseKey":"Bam4+ngNkpef+2E6ptY5+IFIW2BJkP7pnO1XSID9R3Yk","baseKeyType":1,"closed":-1,"used":1738620609265,"created":1738501657587,"remoteIdentityKey":"BffJXq0Ust88ropmo1XrpY0Is0X4R9LPZSRZWif0rLlX"},"_chains":{"BYRsjKK99GK9TuqDjMAj3MQchdBhen7WkRD6RfnfyMhS":{"chainKey":{"counter":1,"key":"HNQLX7yfxnhopfccI+rd4VbivcA/AVKpEeUnkUUFVlI="},"chainType":2,"messageKeys":{}},"BZU+WPPFSEBllQf+k5eBixhMI3nATy3dCQF5GTc54j4R":{"chainKey":{"counter":-1,"key":"h6shz+4pPRej5debkoHwvaeBIg2/PhojK25yiSA1GCc="},"chainType":1,"messageKeys":{}}}}},"version":"v1"}