{"_sessions":{"BXI7KomWeDAL3ZArvxtoahivV9PcXZ97T68PqEyG87Mx":{"registrationId":2146156553,"currentRatchet":{"ephemeralKeyPair":{"pubKey":"BfZMylcqfY0nfxvxrsKZHQuq8aD8qZcaZF7SxejpEG8S","privKey":"WEu48v6A6ZR48hEJJGwtSsujNfTyG63jrpBz9bwqn3s="},"lastRemoteEphemeralKey":"BYySyUTRPKb6djvjXrp5fcOFk6H2XwyAi24QiDJmYR4U","previousCounter":0,"rootKey":"SW/JBdhZAXIldcdag9Gnv2YNwQ/x7ZIL8wcWqmpt15Q="},"indexInfo":{"baseKey":"BXI7KomWeDAL3ZArvxtoahivV9PcXZ97T68PqEyG87Mx","baseKeyType":1,"closed":-1,"used":1738622197452,"created":1738501654111,"remoteIdentityKey":"BYWCDN1Z+uOpdJ9iyzxlJsIVRqB6L01nBeOUdjdQ1isy"},"_chains":{"BYySyUTRPKb6djvjXrp5fcOFk6H2XwyAi24QiDJmYR4U":{"chainKey":{"counter":1,"key":"H4pvNemc8MaOvE8KhJgkzxuC4+LfTPExyHt2/PbyqBU="},"chainType":2,"messageKeys":{}},"BfZMylcqfY0nfxvxrsKZHQuq8aD8qZcaZF7SxejpEG8S":{"chainKey":{"counter":-1,"key":"7+jSwjX57Hl0uJeeRj4l4x3sFjVd4hStQNhH9x98rAY="},"chainType":1,"messageKeys":{}}}}},"version":"v1"}