{"_sessions":{"Bc6SORA4TJzc2VBpd30Yfsf2cU1zriAZd6oYN4ADGnVg":{"registrationId":235972633,"currentRatchet":{"ephemeralKeyPair":{"pubKey":"BYsLipL+7vl4VDJ3gQHkMDYJDBTsYGTSuH0uUsY8OedE","privKey":"uFpKTmtrecpB4HmSPXI7qnufhHkOdTikBV3C5Vee2mk="},"lastRemoteEphemeralKey":"BaaNkZGoqvM5P2V0+6+2CMlFdyyDw/Dr7pxMu2bPqrlA","previousCounter":0,"rootKey":"94aXYv/rRoI8Fp2ppTRoezbxRJvVXxbHuxGMNlGPV2E="},"indexInfo":{"baseKey":"Bc6SORA4TJzc2VBpd30Yfsf2cU1zriAZd6oYN4ADGnVg","baseKeyType":1,"closed":-1,"used":1738622348176,"created":1738501652026,"remoteIdentityKey":"BVMCGhLA/alGeLcNbYExlB8gz2vXZ2MIpoLqIK2uUQBX"},"_chains":{"BaaNkZGoqvM5P2V0+6+2CMlFdyyDw/Dr7pxMu2bPqrlA":{"chainKey":{"counter":1,"key":"ZWCx7clRmwC8/3N7/UsmBoFKx/B5TbtJ7KOHFamuYSg="},"chainType":2,"messageKeys":{}},"BYsLipL+7vl4VDJ3gQHkMDYJDBTsYGTSuH0uUsY8OedE":{"chainKey":{"counter":-1,"key":"w5YszsQZKZ/6SmV5gTDji4K9TRbQ5mCZ9pXg8tSyNHw="},"chainType":1,"messageKeys":{}}}}},"version":"v1"}