{"_sessions":{"BfVASosHUIZazoF3Q5MA4gp2v1mDvdQxYdyR0YfqRr8R":{"registrationId":1710806255,"currentRatchet":{"ephemeralKeyPair":{"pubKey":"BeUu86CI5pFmNjVR/Pae1iret6nyZyqdBdwaj1d3RUIO","privKey":"iN1vijXMrUakK6cIEF9DI+40CGgs09xQUdMiAMb+Bl8="},"lastRemoteEphemeralKey":"BX2mHp4/GIrOMuJ+2nqfkNj1sYYT5ESrpRGhMnLza5Mb","previousCounter":0,"rootKey":"qcpVzoUiuJgld8K01YWcmvE2dz9M9YfqX7UD6fW80KQ="},"indexInfo":{"baseKey":"BfVASosHUIZazoF3Q5MA4gp2v1mDvdQxYdyR0YfqRr8R","baseKeyType":1,"closed":-1,"used":1738620609260,"created":1738501656255,"remoteIdentityKey":"BbSNSQqPsBR/oaLPaQvHO1cX60Gf20IxdEJJRZUfgxZ2"},"_chains":{"BX2mHp4/GIrOMuJ+2nqfkNj1sYYT5ESrpRGhMnLza5Mb":{"chainKey":{"counter":1,"key":"+Wtcwix3ylH3N1lvCpdmVIkBwc0G1WH5sRGGu27+9rc="},"chainType":2,"messageKeys":{}},"BeUu86CI5pFmNjVR/Pae1iret6nyZyqdBdwaj1d3RUIO":{"chainKey":{"counter":-1,"key":"uEtIf8RzhFlZbOGR5/WSKqGY38jm6kbxFl6t7nTbc7Y="},"chainType":1,"messageKeys":{}}}}},"version":"v1"}