{"_sessions":{"BZrJEKkVt7SmS9VUXs+Po/QFcSKNZBU7NiazkokP9wJc":{"registrationId":644473884,"currentRatchet":{"ephemeralKeyPair":{"pubKey":"BY59rmoBsy8JlR6ZFXqratgGq5/BgHlCz5sYtuAph3oR","privKey":"OF0vJjqSDdP2wYrwQqBhe7xgPMUZHZysFiBme5bfLlo="},"lastRemoteEphemeralKey":"Bfw5UhzlSSGHNenYSOBG/dQRwv2rDJDp8/d7qWDShklN","previousCounter":0,"rootKey":"u33ue05SrEZFa97cWkzmbINAXrOUHpUk0y0hiSRecIs="},"indexInfo":{"baseKey":"BZrJEKkVt7SmS9VUXs+Po/QFcSKNZBU7NiazkokP9wJc","baseKeyType":1,"closed":1738500827505,"used":1738500825649,"created":1738500825649,"remoteIdentityKey":"BWd4KzYNrwZDFsVZf6OBL3SERyvParHZCFsoZVUGtKUL"},"_chains":{"BY59rmoBsy8JlR6ZFXqratgGq5/BgHlCz5sYtuAph3oR":{"chainKey":{"counter":-1,"key":"DLNJI2amF5y5v/FSN/SM08S201uSc9HADiyF6DcV5dg="},"chainType":1,"messageKeys":{}}},"pendingPreKey":{"signedKeyId":10,"baseKey":"BZrJEKkVt7SmS9VUXs+Po/QFcSKNZBU7NiazkokP9wJc","preKeyId":5479028}},"Be4LhE2W7Yyc4F9SIbCYZ0rX7sk+dZf5qWS4M8gUsE0d":{"registrationId":644473884,"currentRatchet":{"ephemeralKeyPair":{"pubKey":"BTxmedO+Jk9tfsKRc9D7Ft92QUanUGyPGw5tbuxFpWlD","privKey":"qOo8WUdaJCnXVr4kOS3/sMP380EDaO7r5qc/xKCTJkY="},"lastRemoteEphemeralKey":"Bfw5UhzlSSGHNenYSOBG/dQRwv2rDJDp8/d7qWDShklN","previousCounter":0,"rootKey":"5XPMwAANvXcwEMp3APgG9m1HduVKjNun1qNEH4Fx/u8="},"indexInfo":{"baseKey":"Be4LhE2W7Yyc4F9SIbCYZ0rX7sk+dZf5qWS4M8gUsE0d","baseKeyType":1,"closed":-1,"used":1738500827504,"created":1738500827504,"remoteIdentityKey":"BWd4KzYNrwZDFsVZf6OBL3SERyvParHZCFsoZVUGtKUL"},"_chains":{"BTxmedO+Jk9tfsKRc9D7Ft92QUanUGyPGw5tbuxFpWlD":{"chainKey":{"counter":1,"key":"QNOQ4sLTI0AUi7wy3e9frL8ztPPIGoCxE1MMA5KloVg="},"chainType":1,"messageKeys":{}}},"pendingPreKey":{"signedKeyId":10,"baseKey":"Be4LhE2W7Yyc4F9SIbCYZ0rX7sk+dZf5qWS4M8gUsE0d","preKeyId":5479091}}},"version":"v1"}