{"_sessions":{"BbHr27pmtVZ9/e8AoaY/3JM4oYIrY9ItsRUKMUTJ9IR8":{"registrationId":1080878131,"currentRatchet":{"ephemeralKeyPair":{"pubKey":"BQijmP5I4VRuctqdUvmlRzT3Cyf+PlpxUr0qo6hkXQMg","privKey":"AGfoEW8fZDzj3VdC8kDf8bWSvpBAYmuREHdX16qhM1Y="},"lastRemoteEphemeralKey":"Bc4RWWr0km7HUqJoFBYK24duuw668iK1bXZBsrrM0L4p","previousCounter":0,"rootKey":"/XzM0tIdRMWmJyEsxoGmCladPN+GRSZMEd4WapTcnBI="},"indexInfo":{"baseKey":"BbHr27pmtVZ9/e8AoaY/3JM4oYIrY9ItsRUKMUTJ9IR8","baseKeyType":1,"closed":-1,"used":1738620605564,"created":1738501656405,"remoteIdentityKey":"BQxjLhhUxWFY7aBil6++naFEywee4jL/sSuQHUl4os41"},"_chains":{"Bc4RWWr0km7HUqJoFBYK24duuw668iK1bXZBsrrM0L4p":{"chainKey":{"counter":1,"key":"V2s8Vnnv5RnanHVA9MbWkLaA2b0F7dhKLpUJMv8tqVo="},"chainType":2,"messageKeys":{}},"BQijmP5I4VRuctqdUvmlRzT3Cyf+PlpxUr0qo6hkXQMg":{"chainKey":{"counter":-1,"key":"+Cr2aZxLIrHd5skagL6951Xa9/CCQVU3l7cFPow7aL4="},"chainType":1,"messageKeys":{}}}}},"version":"v1"}