{"_sessions":{"BbSZ+IbnZlhqXm609m3S4qsd0+fuZR2ZSKzVRrKKoihC":{"registrationId":1886498146,"currentRatchet":{"ephemeralKeyPair":{"pubKey":"BcpWMhrHn6tHbamf8zPs5czke+GHWeWI37Pjh2gwHh0T","privKey":"kPYaZU/E7bxChl1b/aBvwwjc1DU0FDxbZyijv8iPRHA="},"lastRemoteEphemeralKey":"BQEHUxfuZT7XB1UuoAPAhgE8jkiKeGNnc0+KqtpaA3wa","previousCounter":0,"rootKey":"j83tcTD9QpWYg4u0FTGzwULWIUrj0Bh8TB/dE53eI9M="},"indexInfo":{"baseKey":"BbSZ+IbnZlhqXm609m3S4qsd0+fuZR2ZSKzVRrKKoihC","baseKeyType":1,"closed":-1,"used":1738501653916,"created":1738501653916,"remoteIdentityKey":"BUP5i9/XK0E1kwcHDgmkopwdZOt+OGc4xWyGJn2g6YtR"},"_chains":{"BcpWMhrHn6tHbamf8zPs5czke+GHWeWI37Pjh2gwHh0T":{"chainKey":{"counter":0,"key":"iB+cDG/f86YNCLnJDA56hoxPSe4/WXNkySn1lsS2OHY="},"chainType":1,"messageKeys":{}}},"pendingPreKey":{"signedKeyId":8,"baseKey":"BbSZ+IbnZlhqXm609m3S4qsd0+fuZR2ZSKzVRrKKoihC"}}},"version":"v1"}