{"_sessions":{"BaTG7z+ABWUlualMSn4ktCFTFeYwqWnqXUkQjC2a4FFY":{"registrationId":465530071,"currentRatchet":{"ephemeralKeyPair":{"pubKey":"BZTQogHRQVA1SyMXzKjRCpFn2iWiu7Go/n+YEiCHlPU8","privKey":"2PugLBwN61G4jggcAiGovTV8nbJOIeAcdbpts6YPA1g="},"lastRemoteEphemeralKey":"BVDSDc9II9pBqLBt4qaHrttChbzc0/+Fspj7E0oWbcRN","previousCounter":0,"rootKey":"bkxZ5MuDBOSu0ZVGLjxKtLMaUtxoSiZ/t1Czqu2envU="},"indexInfo":{"baseKey":"BaTG7z+ABWUlualMSn4ktCFTFeYwqWnqXUkQjC2a4FFY","baseKeyType":1,"closed":-1,"used":1738620604821,"created":1738501657575,"remoteIdentityKey":"BXyyTW8vum4qtwSb/CNrJq5AvnfDPh+YU9t2VwqPtosm"},"_chains":{"BVDSDc9II9pBqLBt4qaHrttChbzc0/+Fspj7E0oWbcRN":{"chainKey":{"counter":1,"key":"a3WiIvv6Cz8fD1tHLt/J2t/j1QlKa78xvUbnPl4IP/c="},"chainType":2,"messageKeys":{}},"BZTQogHRQVA1SyMXzKjRCpFn2iWiu7Go/n+YEiCHlPU8":{"chainKey":{"counter":-1,"key":"/O5I6TEO/Cz/v3qO9VlL4OHzczWIGlN8VuGURf+ox+0="},"chainType":1,"messageKeys":{}}}}},"version":"v1"}