{"_sessions":{"BTtsg8nvnsl/b3mQHaVpNk0JCRpLLux/ipBqchTvvMo0":{"registrationId":27428875,"currentRatchet":{"ephemeralKeyPair":{"pubKey":"BXeTxR2aj65qnlezgR7NxUI+OewAiMBye4iDe4ThyMUJ","privKey":"UKxOVhRdDG9N3z7MiwvuzBITCaWzhlXUv1TudRoUZWQ="},"lastRemoteEphemeralKey":"BWZUT0Mc4wzh2Uf8/6YddU5xcCUsY2ixuee1ikXmmTxw","previousCounter":0,"rootKey":"FWtqxqZ7jSYhhmkz/hpZ8QIfcvHFk5SRUO7dM9rKzSU="},"indexInfo":{"baseKey":"BTtsg8nvnsl/b3mQHaVpNk0JCRpLLux/ipBqchTvvMo0","baseKeyType":1,"closed":-1,"used":1738620605212,"created":1738501656397,"remoteIdentityKey":"BbxtB4kf5+UoiUvKxg+onV0eSRsUcKs4zJL07kBo0qgC"},"_chains":{"BWZUT0Mc4wzh2Uf8/6YddU5xcCUsY2ixuee1ikXmmTxw":{"chainKey":{"counter":1,"key":"y5TdwvFnM2JjTYVNU+kvfDf0F0/jY+woEKi7j6zBEWM="},"chainType":2,"messageKeys":{}},"BXeTxR2aj65qnlezgR7NxUI+OewAiMBye4iDe4ThyMUJ":{"chainKey":{"counter":-1,"key":"SqNtsOJD+w5wWrR2N/FTDP9HfACfl8FDp8TngkVV71U="},"chainType":1,"messageKeys":{}}}}},"version":"v1"}