{"_sessions":{"BeFY7RPuwF2UFcDHU1WWjuFFR1V5UTj8Ou7pssjJsJVb":{"registrationId":1236042421,"currentRatchet":{"ephemeralKeyPair":{"pubKey":"BarsQegrwjVeF0x3DgaeoQ4NhplE+1w3x6Slob7r7Epl","privKey":"IEFLbsWNhKWRZjsht0B6yzubVaydMMmK5WKm3sGlFkk="},"lastRemoteEphemeralKey":"BRA6TQMMYQkNZudFlCTpPObo2oe+871zRDN+W+AOfqwL","previousCounter":0,"rootKey":"tcMGBosSHod25LZGd6vi/jTCiK+1vldzLKfirbbjPw0="},"indexInfo":{"baseKey":"BeFY7RPuwF2UFcDHU1WWjuFFR1V5UTj8Ou7pssjJsJVb","baseKeyType":1,"closed":-1,"used":1738620603737,"created":1738501651846,"remoteIdentityKey":"BdBHza0eNp0S9r9oUFVLX8URwni2l8PcFwDKne0G7lYh"},"_chains":{"BRA6TQMMYQkNZudFlCTpPObo2oe+871zRDN+W+AOfqwL":{"chainKey":{"counter":4,"key":"4ZJQlW4Y3SfxQTqI11it4D/D80bn6OV804R2agySL5I="},"chainType":2,"messageKeys":{"0":"DSPPvx8fqtdLsOcLK2vKc1eQcpti6gjKZL3zU4JTSzM=","1":"9P3SiR80nqIwvdBXbFU8GNjZeDHvyTN38w4CRO83Ox0="}},"BarsQegrwjVeF0x3DgaeoQ4NhplE+1w3x6Slob7r7Epl":{"chainKey":{"counter":-1,"key":"6YXccibTuK45YgSKJqT5CvAhcUNiyMIR9noo/KvoRbU="},"chainType":1,"messageKeys":{}}}}},"version":"v1"}