{"_sessions":{"BV8wBiDJpVBNKWRw5WZrSKQ+bQx5WYTMPBOyTgKalsUS":{"registrationId":969908077,"currentRatchet":{"ephemeralKeyPair":{"pubKey":"BXqUIJpni5JPxl374cgyYY/DjJFB6l1r59QrnY3QWDln","privKey":"MCCPnVDdI3bPa4HcI8t06Zosk/ZSa1LNSVX0gyotSFk="},"lastRemoteEphemeralKey":"BR2L1YExvt10WpYw/cp8bZxKZM9BFNm/TvAUlbX2MqlZ","previousCounter":0,"rootKey":"wCdwpI7vf1nXph2CIt8SzzJGtyr8nU/KcqtpEvAopGI="},"indexInfo":{"baseKey":"BV8wBiDJpVBNKWRw5WZrSKQ+bQx5WYTMPBOyTgKalsUS","baseKeyType":1,"closed":-1,"used":1738620608400,"created":1738501656220,"remoteIdentityKey":"BSZixuAvXSVVT5+1Ml8IBEmAOc5isnSr8swomlROrvoO"},"_chains":{"BR2L1YExvt10WpYw/cp8bZxKZM9BFNm/TvAUlbX2MqlZ":{"chainKey":{"counter":1,"key":"nFxi52m+3fTcEjYIUOhmIQD2lDHgfmBmfwSecUeEUNg="},"chainType":2,"messageKeys":{}},"BXqUIJpni5JPxl374cgyYY/DjJFB6l1r59QrnY3QWDln":{"chainKey":{"counter":-1,"key":"RL61IHn7vU0On8cIcuhnswNsovc3HzCLmdJPBgcc9dw="},"chainType":1,"messageKeys":{}}}}},"version":"v1"}