{"_sessions":{"BXfB+Tj9Q7diVPST/0X6a+55kUjrIrwb86Hpkubj1rIe":{"registrationId":1739054419,"currentRatchet":{"ephemeralKeyPair":{"pubKey":"Bd9D01feExYFbKKdRViqoR9we2YL6ddg8H/57W+TTscC","privKey":"cIGKcazC9wBP2CW25C/DyWNYK5TFiDIW/VBzoP3QVXw="},"lastRemoteEphemeralKey":"BYFw2pwjLbVGfTlplk3oXPz8inaUijk0xdYrlM/6EM8w","previousCounter":0,"rootKey":"4hoVqQ4+6X7EUplvQ6+1w3tDM0Wi8X64AYAwVSXSz9Q="},"indexInfo":{"baseKey":"BXfB+Tj9Q7diVPST/0X6a+55kUjrIrwb86Hpkubj1rIe","baseKeyType":1,"closed":-1,"used":1738501656370,"created":1738501656370,"remoteIdentityKey":"BUjPupVYvlAjQtcKGiWPkUMWbe4euMnMJRVDpWw/Q615"},"_chains":{"Bd9D01feExYFbKKdRViqoR9we2YL6ddg8H/57W+TTscC":{"chainKey":{"counter":0,"key":"/HM31MjQpDdDlRtLj3T1nmWjaP0JmyI5Y5X85XGxvq0="},"chainType":1,"messageKeys":{}}},"pendingPreKey":{"signedKeyId":5563907,"baseKey":"BXfB+Tj9Q7diVPST/0X6a+55kUjrIrwb86Hpkubj1rIe","preKeyId":44562}}},"version":"v1"}