{"_sessions":{"BXOq8XUjhpEIZzjU8IbqgxCIxSyIHyOFjX5kYHvucHlk":{"registrationId":109,"currentRatchet":{"ephemeralKeyPair":{"pubKey":"BWSFlRgJPudc+XsY7XO07Gz2pzgZn+mAHsqjHW+uuTxs","privKey":"SPsgGXQ/EO7ipDWPLkzteD75/6vb7MXAK7SYr09IS1w="},"lastRemoteEphemeralKey":"BTgQe8rcz2Q+T+bwF8yEyt5ZOsptnG8LrtXNGZv8vBRT","previousCounter":0,"rootKey":"14UsZQhcmsHqfn6PBL6LpHH+OzsG6/TKuICOG8OdBLE="},"indexInfo":{"baseKey":"BXOq8XUjhpEIZzjU8IbqgxCIxSyIHyOFjX5kYHvucHlk","baseKeyType":1,"closed":1738523140005,"used":1738523139708,"created":1738523139708,"remoteIdentityKey":"BRKC+c8V6dsWA76qNrGmsEqLoE4J4nHZl0T+etCnhbNp"},"_chains":{"BWSFlRgJPudc+XsY7XO07Gz2pzgZn+mAHsqjHW+uuTxs":{"chainKey":{"counter":-1,"key":"3JB33AzYQusnxxUSmZZ//VttxN4z1uCRXVBE8oRjVsg="},"chainType":1,"messageKeys":{}}},"pendingPreKey":{"signedKeyId":1,"baseKey":"BXOq8XUjhpEIZzjU8IbqgxCIxSyIHyOFjX5kYHvucHlk"}},"BYiAZEZXAE62kJA1ItmWGpRzuNufbR+80rnJSVPZA8Ad":{"registrationId":109,"currentRatchet":{"ephemeralKeyPair":{"pubKey":"BVjaa0oTIBf23ljQQvH1gU6wi19DldR8uTyPiYti2FMF","privKey":"0Fye1l+08clrfcahbsG0PFjpuIN3MpFbXh+BapqsPHw="},"lastRemoteEphemeralKey":"BTgQe8rcz2Q+T+bwF8yEyt5ZOsptnG8LrtXNGZv8vBRT","previousCounter":0,"rootKey":"AQLY7ZhNEt+Egh6DGX7oVwr3upGq7KedYxbkaKHdgA8="},"indexInfo":{"baseKey":"BYiAZEZXAE62kJA1ItmWGpRzuNufbR+80rnJSVPZA8Ad","baseKeyType":1,"closed":-1,"used":1738523140004,"created":1738523140004,"remoteIdentityKey":"BRKC+c8V6dsWA76qNrGmsEqLoE4J4nHZl0T+etCnhbNp"},"_chains":{"BVjaa0oTIBf23ljQQvH1gU6wi19DldR8uTyPiYti2FMF":{"chainKey":{"counter":1,"key":"6bRKF7rWSQu52wD5emFkSGE7b/DAPtC0yS5GbwaVyLg="},"chainType":1,"messageKeys":{}}},"pendingPreKey":{"signedKeyId":1,"baseKey":"BYiAZEZXAE62kJA1ItmWGpRzuNufbR+80rnJSVPZA8Ad"}}},"version":"v1"}