{"_sessions":{"BT40XXd0D/UQX1fS6UR8RcULAb2fOJiPxSprLx+J4fNe":{"registrationId":1298486790,"currentRatchet":{"ephemeralKeyPair":{"pubKey":"BUx0Hmae4D8mztZn02DgjVX4andywrXNIy9RXTgnGqZT","privKey":"+LhGNvnx7XkCPsDIOe4Duprc2sbXxNA7TAL2VkE/cm0="},"lastRemoteEphemeralKey":"BVLLu+9GuETlC/pLB/6IJBIfMW0e9b7ycy+AsFnJlCUJ","previousCounter":0,"rootKey":"hA/6Zf8gm3CkK43OMESbdKlxk3P1GPrsEcaIGD3vzts="},"indexInfo":{"baseKey":"BT40XXd0D/UQX1fS6UR8RcULAb2fOJiPxSprLx+J4fNe","baseKeyType":1,"closed":-1,"used":1738501656412,"created":1738501656412,"remoteIdentityKey":"BTMZX+rCLA+OAxxdPeQFzCo6FTL1zU0o26iqo9QpbI8F"},"_chains":{"BUx0Hmae4D8mztZn02DgjVX4andywrXNIy9RXTgnGqZT":{"chainKey":{"counter":0,"key":"6tPeRZuasCQR8K9TYYwcXRvapGcVxFhAx29ri211eKw="},"chainType":1,"messageKeys":{}}},"pendingPreKey":{"signedKeyId":3,"baseKey":"BT40XXd0D/UQX1fS6UR8RcULAb2fOJiPxSprLx+J4fNe","preKeyId":12829645}}},"version":"v1"}