{"_sessions":{"Bf+D0R9Y7vkwfEAE6Ess41vO4JibJYqMuaOEzLKGx9of":{"registrationId":60935088,"currentRatchet":{"ephemeralKeyPair":{"pubKey":"BYyUtd29UUE4j4aobGkZ7cnbtE0iWBqdh3Eabs+cjrEZ","privKey":"4Ec5bjQ9PB5btfKoNAyRrohuD7KhwTWuANnUGt1eZnI="},"lastRemoteEphemeralKey":"Ba8oALH+C/+4/oZi2GdHeqv2iH5jsMMtGLOnovBV8V0q","previousCounter":0,"rootKey":"zAA26GRm1wMbDWwcZv7ZIkHzoy45nDYhNMU5yTevrp0="},"indexInfo":{"baseKey":"Bf+D0R9Y7vkwfEAE6Ess41vO4JibJYqMuaOEzLKGx9of","baseKeyType":1,"closed":-1,"used":1738620605850,"created":1738501656202,"remoteIdentityKey":"BeidvadoaM1EDl8KHIRgr3e+rIL1KhuCV8SkgNHL0BUU"},"_chains":{"Ba8oALH+C/+4/oZi2GdHeqv2iH5jsMMtGLOnovBV8V0q":{"chainKey":{"counter":1,"key":"o6OGaBddQTAflHp23JJ29N6jHZFUjQZH5+gtPqFBftY="},"chainType":2,"messageKeys":{}},"BYyUtd29UUE4j4aobGkZ7cnbtE0iWBqdh3Eabs+cjrEZ":{"chainKey":{"counter":-1,"key":"qE/pMpVcy3klnLznB5SfThK/MXXfIjxscVlAQErtZAQ="},"chainType":1,"messageKeys":{}}}}},"version":"v1"}