{"_sessions":{"BWPf543u07oCpwL4PvNUVF9U68MV0VIPOUo1QN/uopRt":{"registrationId":942622839,"currentRatchet":{"ephemeralKeyPair":{"pubKey":"BbZ3giGQ7j/Bk03oCJEcIpug1LSHJ392rYE4p9pg9RYC","privKey":"CFHaPIOXx1m95mPECjBn8NdIacxwvAouDN7o4S6T8VE="},"lastRemoteEphemeralKey":"BcV9e/Tn0h1oCNuW06SRo1PankA04GQ0z18KDHqcZepm","previousCounter":0,"rootKey":"Ie+GTQz5tUNMY48TfSt5kimjggMN+aL2ebLy8NU2GBA="},"indexInfo":{"baseKey":"BWPf543u07oCpwL4PvNUVF9U68MV0VIPOUo1QN/uopRt","baseKeyType":1,"closed":-1,"used":1738507892170,"created":1738507892170,"remoteIdentityKey":"BRtZ+91D80AYzyMC6rk0LjgBMyflouqfuSFQk3XgYkVD"},"_chains":{"BbZ3giGQ7j/Bk03oCJEcIpug1LSHJ392rYE4p9pg9RYC":{"chainKey":{"counter":0,"key":"+DBZH747syR8/tWLamLty8eVx0L7iWOew9hX2PH0Xnc="},"chainType":1,"messageKeys":{}}},"pendingPreKey":{"signedKeyId":2,"baseKey":"BWPf543u07oCpwL4PvNUVF9U68MV0VIPOUo1QN/uopRt","preKeyId":39969}}},"version":"v1"}