{"_sessions":{"BeWMeXuedIq4T4383IAAD3UWUbpK7CAp0ANhJ523vFIE":{"registrationId":11586694,"currentRatchet":{"ephemeralKeyPair":{"pubKey":"BY1VgZkdzN55On6nFvPM/S+jkYrmLeRwbSvWYfsfldJz","privKey":"yKvFHZy69QYvePoykBD8vIGMDu30t7eTBOBoYATWa2k="},"lastRemoteEphemeralKey":"BQDUBcXQ0HINNwRBngng2wgoxQFt+4zV+SzP2pGXPrsd","previousCounter":0,"rootKey":"cunedFArkaRutJZDNbKuLxCyFmfWG6CZib7EEAi5yUE="},"indexInfo":{"baseKey":"BeWMeXuedIq4T4383IAAD3UWUbpK7CAp0ANhJ523vFIE","baseKeyType":1,"closed":-1,"used":1738507892036,"created":1738507892036,"remoteIdentityKey":"Bc6Ull/txvgyvz3Dv8HjP/ow5QeereIWKdd0UmzAtbkp"},"_chains":{"BY1VgZkdzN55On6nFvPM/S+jkYrmLeRwbSvWYfsfldJz":{"chainKey":{"counter":0,"key":"beM3LtOrzYhptmWjs2Qu0moP5eIMDONbd9G3JFNQa5k="},"chainType":1,"messageKeys":{}}},"pendingPreKey":{"signedKeyId":15,"baseKey":"BeWMeXuedIq4T4383IAAD3UWUbpK7CAp0ANhJ523vFIE"}}},"version":"v1"}