{"_sessions":{"BbrC3FBKTK+lgotXQ9SarGVKd50lJUAwZLCJ9OgAUEBQ":{"registrationId":1322479307,"currentRatchet":{"ephemeralKeyPair":{"pubKey":"Bfz6rAQ3RiFpaPwyO0FEV1BI8FHzoC+1Gy5WnnQiPNIR","privKey":"iKXZ3I40me50p8Ydlurb37ZbEUER99Yy1PHy4xj0f3s="},"lastRemoteEphemeralKey":"BSuTO5huDTa0HWGwC9TaZhwqCyg0ku2ck/mhPNI4BU4g","previousCounter":0,"rootKey":"l22w2xyCrWmX/dFYFP4Yh/eKsIQVlU5zy2gmgXF0Jeg="},"indexInfo":{"baseKey":"BbrC3FBKTK+lgotXQ9SarGVKd50lJUAwZLCJ9OgAUEBQ","baseKeyType":1,"closed":1738500826994,"used":1738500825551,"created":1738500825551,"remoteIdentityKey":"BfmtdibkVY0c72DLoUK9f5TkMjm8jrYmkOuFHLZsUb5f"},"_chains":{"Bfz6rAQ3RiFpaPwyO0FEV1BI8FHzoC+1Gy5WnnQiPNIR":{"chainKey":{"counter":-1,"key":"Biz7LEULr/x/hOCX6fJx1Ofm9IzIFf64LQ+ZUmHN950="},"chainType":1,"messageKeys":{}}},"pendingPreKey":{"signedKeyId":48,"baseKey":"BbrC3FBKTK+lgotXQ9SarGVKd50lJUAwZLCJ9OgAUEBQ","preKeyId":10444639}},"BQTp6P8N206TvlnHwTHl2UbfIySJAIIAgsmDWZOToudJ":{"registrationId":1322479307,"currentRatchet":{"ephemeralKeyPair":{"pubKey":"BTpSnonIBTQfwaOX/Fi2UqEd5JrPLGxvRJNgHRqRO7MH","privKey":"qHGuwVdCVpJMGAzOp7obvux9DnSouSv5T50L8ZglpmA="},"lastRemoteEphemeralKey":"BUgp/xlRXaxWso3X5OTGlmpDtVa8KmdQGeGat0LNYB5Q","previousCounter":1,"rootKey":"TVFQB1Bz6wXsBFlCAbUhAU+s1aWC2j1DJR2hQK/F/84="},"indexInfo":{"baseKey":"BQTp6P8N206TvlnHwTHl2UbfIySJAIIAgsmDWZOToudJ","baseKeyType":1,"closed":-1,"used":1738571493941,"created":1738500826991,"remoteIdentityKey":"BfmtdibkVY0c72DLoUK9f5TkMjm8jrYmkOuFHLZsUb5f"},"_chains":{"BUgp/xlRXaxWso3X5OTGlmpDtVa8KmdQGeGat0LNYB5Q":{"chainKey":{"counter":0,"key":"aJpsIO0UoVpOniWnKpmx2mxWkSV0p5CJd3DN3ltHN8I="},"chainType":2,"messageKeys":{}},"BTpSnonIBTQfwaOX/Fi2UqEd5JrPLGxvRJNgHRqRO7MH":{"chainKey":{"counter":-1,"key":"MZDKiy4kY5jcG9WBPiLBOD9lW+y+qnIJEzwoiLg1g68="},"chainType":1,"messageKeys":{}}}}},"version":"v1"}