{"_sessions":{"BfCYaqD2EcjdwC6+ZIfzlHqoLDbRlMGJUx2MZ15rN5xf":{"registrationId":1835900252,"currentRatchet":{"ephemeralKeyPair":{"pubKey":"Be/ML20T0PsBFaWqKHOA/1BSUGsRIlifpjXh7/8yS1A9","privKey":"AJvnT8KpU99RNOJ+7gZVAYCFvWvShiSmSitMDKVBxHo="},"lastRemoteEphemeralKey":"Bb/CXxxW/kVP0Dxsyhtc9vYquwwSYrjTL/xesFbbF3AB","previousCounter":0,"rootKey":"pBLJggnuT800HHsX4GDAP5BSTbs7LpFfczQjDw+seCY="},"indexInfo":{"baseKey":"BfCYaqD2EcjdwC6+ZIfzlHqoLDbRlMGJUx2MZ15rN5xf","baseKeyType":1,"closed":-1,"used":1738624269627,"created":1738501656251,"remoteIdentityKey":"BYWw8Ld6JLdz5KSXJb1fOo/CyneOqTM4RMpDwzpUM29x"},"_chains":{"Bb/CXxxW/kVP0Dxsyhtc9vYquwwSYrjTL/xesFbbF3AB":{"chainKey":{"counter":0,"key":"057Ca0FIbzz5kZe81XELBDDEohkrxy7Q8lya2vmR1Ag="},"chainType":2,"messageKeys":{}},"Be/ML20T0PsBFaWqKHOA/1BSUGsRIlifpjXh7/8yS1A9":{"chainKey":{"counter":-1,"key":"zJqLd1kRkgIZtH4q5JNvaN0lMCQ1RaqCn4rQ+mAOek8="},"chainType":1,"messageKeys":{}}}}},"version":"v1"}