{"_sessions":{"BcE32pNrc9Y/e6YtP7jGkKHNL4mKD8xPcJHcpcfa91JT":{"registrationId":507568169,"currentRatchet":{"ephemeralKeyPair":{"pubKey":"BS5xcbNhijMfrbBEZy7rnTakXoK7IM9tXgsKlDse1ysC","privKey":"oB8el6tIaja5Pw7FP14/RgldSWa4V8FZ2M4aVJ6kFUM="},"lastRemoteEphemeralKey":"BWPQDmu3ZFhxBkXqmQpchIy4w2tG2hoX8Jj/42zufOMr","previousCounter":0,"rootKey":"GWaKs4M39PEn77og6nXkyJowG3dVgwN3/qxo1jFQ4Z8="},"indexInfo":{"baseKey":"BcE32pNrc9Y/e6YtP7jGkKHNL4mKD8xPcJHcpcfa91JT","baseKeyType":1,"closed":1738500827325,"used":1738500825622,"created":1738500825622,"remoteIdentityKey":"BXAvYgpcuWkyOhJOzWv2Pp034VAic4gQBxytHF5yisoq"},"_chains":{"BS5xcbNhijMfrbBEZy7rnTakXoK7IM9tXgsKlDse1ysC":{"chainKey":{"counter":-1,"key":"4nL8FkpQ5INR6LXk0z3hTucakmj0UM/R0RBQvU2kIW8="},"chainType":1,"messageKeys":{}}},"pendingPreKey":{"signedKeyId":1,"baseKey":"BcE32pNrc9Y/e6YtP7jGkKHNL4mKD8xPcJHcpcfa91JT","preKeyId":5949070}},"BWeo1xUDEaysCwq3Edvp90rj0CRWx3i0alSEdCO+H7QL":{"registrationId":507568169,"currentRatchet":{"ephemeralKeyPair":{"pubKey":"BRZWdN0UEhsD7PRNasYJHKcFv0Z+yJqhjtIoG1dLf/ht","privKey":"iOLdwGUveUSDUWaXvlQCmVFaHrrxoTxajR0NScKEwlk="},"lastRemoteEphemeralKey":"BWPQDmu3ZFhxBkXqmQpchIy4w2tG2hoX8Jj/42zufOMr","previousCounter":0,"rootKey":"jOKJyU6UeptaKEHYRlXYtODLuKLZv/l0y1NJNDJ2nL4="},"indexInfo":{"baseKey":"BWeo1xUDEaysCwq3Edvp90rj0CRWx3i0alSEdCO+H7QL","baseKeyType":1,"closed":-1,"used":1738500827324,"created":1738500827324,"remoteIdentityKey":"BXAvYgpcuWkyOhJOzWv2Pp034VAic4gQBxytHF5yisoq"},"_chains":{"BRZWdN0UEhsD7PRNasYJHKcFv0Z+yJqhjtIoG1dLf/ht":{"chainKey":{"counter":1,"key":"3TUEifXPIIMdum7OPvfiaEyUBpSmz1Hxc3mhJuRlRFw="},"chainType":1,"messageKeys":{}}},"pendingPreKey":{"signedKeyId":1,"baseKey":"BWeo1xUDEaysCwq3Edvp90rj0CRWx3i0alSEdCO+H7QL","preKeyId":5949049}}},"version":"v1"}