{"_sessions":{"BQq2EAcf5myDub3d494bLzHE5ngiQxSI7ya9aDqfV6Y1":{"registrationId":1310675906,"currentRatchet":{"ephemeralKeyPair":{"pubKey":"BWOkVlGqzmXNLUE7+J1nLlaCTm3oXa1fMmR+ofJWoHkY","privKey":"wJPLJSpYL7/+RQwl7jEU5eHgQXOYBh2oEK6EINWogGA="},"lastRemoteEphemeralKey":"BQ5byXRTHPIDOivrUxzVE5vGgUcn5g19r3RhlLddcRNt","previousCounter":0,"rootKey":"uWpI2xxH4LNFZFTbuBj8mysyd9xz45tIqvawNxsx1bw="},"indexInfo":{"baseKey":"BQq2EAcf5myDub3d494bLzHE5ngiQxSI7ya9aDqfV6Y1","baseKeyType":1,"closed":-1,"used":1738501657605,"created":1738501657605,"remoteIdentityKey":"BWmibZh+h2RXCsZFcGH4lD+VEUJBHQdJdvE3CRQvkHMB"},"_chains":{"BWOkVlGqzmXNLUE7+J1nLlaCTm3oXa1fMmR+ofJWoHkY":{"chainKey":{"counter":0,"key":"Qbx9hyoit1p0HGQB7b5xph/4kKke/GhpwiUB3JtmaX4="},"chainType":1,"messageKeys":{}}},"pendingPreKey":{"signedKeyId":4,"baseKey":"BQq2EAcf5myDub3d494bLzHE5ngiQxSI7ya9aDqfV6Y1","preKeyId":10539355}}},"version":"v1"}