{"_sessions":{"Ba5UdmD6T+Qm/DB7yFGGIVBcpGA0EGIqwikwDOkUmiAh":{"registrationId":2114416326,"currentRatchet":{"ephemeralKeyPair":{"pubKey":"BT9xpnvUd69aqA86q7TlL0NO7abYTtO1tL2Ia5k7v2NZ","privKey":"yF+b2FWfcZvJOcDVVu08Y3C+rTBtou7QP/dYUjExX00="},"lastRemoteEphemeralKey":"BUpU8WAz0xTtnZng2sl73eJDDK/1/ZByBchIVtCWsV1X","previousCounter":0,"rootKey":"WC0crcMEcm4HTar4K0qOCd8OeupI/VhtODKi4r6xG40="},"indexInfo":{"baseKey":"Ba5UdmD6T+Qm/DB7yFGGIVBcpGA0EGIqwikwDOkUmiAh","baseKeyType":1,"closed":-1,"used":1738571492462,"created":1738501657598,"remoteIdentityKey":"BW4/WW831ZMi+a3QkCF60X+RPXuVestHHXI36WXSB7g/"},"_chains":{"BUpU8WAz0xTtnZng2sl73eJDDK/1/ZByBchIVtCWsV1X":{"chainKey":{"counter":0,"key":"T/P/kwuawFVo7PM0wMyrCMdvPxnImPEdQoI/1mF2mFg="},"chainType":2,"messageKeys":{}},"BT9xpnvUd69aqA86q7TlL0NO7abYTtO1tL2Ia5k7v2NZ":{"chainKey":{"counter":-1,"key":"kP63Qp3PUgNyjzTeYinFkvCc+6mRgRTtOv+dDC82DMM="},"chainType":1,"messageKeys":{}}}}},"version":"v1"}