{"_sessions":{"BSkcOWr1DYQMDUYqddQpLtAVgBJQlI+1BuNK8gp9ebNS":{"registrationId":1658117022,"currentRatchet":{"ephemeralKeyPair":{"pubKey":"BfWzEbtf98VmiGUI3SA1QL+J/OroFG0UVjUAUEFO2wMa","privKey":"YMhE2gOs3t88YvgdvElWTyiNQdLX/zWOEQDgYfh99Ek="},"lastRemoteEphemeralKey":"BbHHCiUcEZsTMowzx2fvXq1+dX4E7zDPl2xsvnx9zBJ8","previousCounter":0,"rootKey":"ACWydjvZjDJWqYuhVt+fikyh4W2tDEOknOjIJ+wJYWU="},"indexInfo":{"baseKey":"BSkcOWr1DYQMDUYqddQpLtAVgBJQlI+1BuNK8gp9ebNS","baseKeyType":1,"closed":-1,"used":1738624594446,"created":1738501656514,"remoteIdentityKey":"BcT5qGdprnePh7GhEpkBFaZ1wgDcpVNgaD3LqTOog4EA"},"_chains":{"BbHHCiUcEZsTMowzx2fvXq1+dX4E7zDPl2xsvnx9zBJ8":{"chainKey":{"counter":2,"key":"EjATHDql+1yL9gsX5Y45QtXACMCe/EJAUKyHNQWRPLI="},"chainType":2,"messageKeys":{"1":"Ve3Vd6ok221QFSS/llSpcl0CjpP6/cuP9KFaz7FF2HU="}},"BfWzEbtf98VmiGUI3SA1QL+J/OroFG0UVjUAUEFO2wMa":{"chainKey":{"counter":-1,"key":"+bZaWCVEqqrCW/3mkTXaJvGHFIBt2QY7G4m0LflcgHQ="},"chainType":1,"messageKeys":{}}}}},"version":"v1"}