{"_sessions":{"BTuj/NqAJGoE6trGD80xhnWtTIOjqzF6ZCg00xKYR5ck":{"registrationId":1660476900,"currentRatchet":{"ephemeralKeyPair":{"pubKey":"BZ+BJiB44C2rSHFBs/0DkU6oRMCcJ7gQmr4TeCuDNNkH","privKey":"qKRp/ZMqg3R96ticnBiPqKGmMjRPX8eXX00ElZYK00I="},"lastRemoteEphemeralKey":"BdZerrdmVPdXBr/Snva7tTdqDiYRZN3DBV71QziJpURv","previousCounter":0,"rootKey":"2oU7n6eHdDzaYykO440X06TfS4AvAKgmHuP/pzxoJ50="},"indexInfo":{"baseKey":"BTuj/NqAJGoE6trGD80xhnWtTIOjqzF6ZCg00xKYR5ck","baseKeyType":1,"closed":-1,"used":1738620607635,"created":1738501651834,"remoteIdentityKey":"BYPAJ4NLbi94q4Py82VgcmE9MkWekQCY9iL9hCeK2KB6"},"_chains":{"BdZerrdmVPdXBr/Snva7tTdqDiYRZN3DBV71QziJpURv":{"chainKey":{"counter":1,"key":"P5FJ/guwBpubZfwyaZnoTmXl3UPGztNR/yiJ7ARpdwc="},"chainType":2,"messageKeys":{}},"BZ+BJiB44C2rSHFBs/0DkU6oRMCcJ7gQmr4TeCuDNNkH":{"chainKey":{"counter":-1,"key":"dcIn+nhWlrrRvcGdBgobRD0BT1nu/GNC+nRLQhQLhxc="},"chainType":1,"messageKeys":{}}}}},"version":"v1"}