{"_sessions":{"BeTqFFR6iyaD6X8hQIX4f7jgcXGRFlegEps/+TUA5FRa":{"registrationId":858894110,"currentRatchet":{"ephemeralKeyPair":{"pubKey":"BbNTl7Lf5fsDBpsTsb26hfFhCg5ZkaDAnkQ2DbvREHUD","privKey":"MG3keQU5+G2Z+BMoqAm+hbFTsdl5UE0fkMSOoq73i3Y="},"lastRemoteEphemeralKey":"Bab5mhauwu8n4lKwP5P/uhmSSlWN75Mr50Jn++4D6RA5","previousCounter":0,"rootKey":"a6S7XK9lspJaea6L0S91GUXl0/F2xCVg9QS3Hscm1cU="},"indexInfo":{"baseKey":"BeTqFFR6iyaD6X8hQIX4f7jgcXGRFlegEps/+TUA5FRa","baseKeyType":1,"closed":-1,"used":1738620604393,"created":1738501656210,"remoteIdentityKey":"Bfd+SyxqOl3yTu1h1/97cAFonQ9RibzMj39FQvBedFZG"},"_chains":{"Bab5mhauwu8n4lKwP5P/uhmSSlWN75Mr50Jn++4D6RA5":{"chainKey":{"counter":1,"key":"E3uUb8MmXRHki9Vswycf4MD0iZI1/6nnqpbjiEI9wVQ="},"chainType":2,"messageKeys":{}},"BbNTl7Lf5fsDBpsTsb26hfFhCg5ZkaDAnkQ2DbvREHUD":{"chainKey":{"counter":-1,"key":"BjUuHEvP+i75yfTPIbossKuWZZ54h/2CLE4uE8Vl8To="},"chainType":1,"messageKeys":{}}}}},"version":"v1"}