{"_sessions":{"BUuZ65OBKTNZfaXG7SU3yRtbvW3sbhK7o6C6nVLMTHpR":{"registrationId":452587092,"currentRatchet":{"ephemeralKeyPair":{"pubKey":"BZmSFMcpbl8yvj15Su7MHPCmQCJVW/OBF0JYoXKf6zYC","privKey":"6HRgEdcoMvNtXYcmkW5s33MIJA4tfsDXfMf0o8N5vmA="},"lastRemoteEphemeralKey":"BY9NdkVq5WaZcnkB/Tf+RXpGRcsXmAgPGYgeT7Z5z8NX","previousCounter":0,"rootKey":"fJlZyDO2mUHPLe4smdJR7fIbhJOG2s2awEXFpBDPgUM="},"indexInfo":{"baseKey":"BUuZ65OBKTNZfaXG7SU3yRtbvW3sbhK7o6C6nVLMTHpR","baseKeyType":1,"closed":-1,"used":1738623532573,"created":1738501652006,"remoteIdentityKey":"Bb9vlPqU+fBXYPEyeO3FV9N0cmbJ1z3oX7XjYjAsGe5d"},"_chains":{"BY9NdkVq5WaZcnkB/Tf+RXpGRcsXmAgPGYgeT7Z5z8NX":{"chainKey":{"counter":1,"key":"CELniCeEI131W/YzLDuGtfSgcOMcwUv/FD+3DfpjTBw="},"chainType":2,"messageKeys":{}},"BZmSFMcpbl8yvj15Su7MHPCmQCJVW/OBF0JYoXKf6zYC":{"chainKey":{"counter":-1,"key":"9agdjeUBbY1EFtf790qBA0Hmm9KK27ml7ayc8MgcbKk="},"chainType":1,"messageKeys":{}}}}},"version":"v1"}