{"_sessions":{"BaOexwwNRnhS7OuYBnPaIpWFB+9yDFuExtLuXyIOBqF7":{"registrationId":687936460,"currentRatchet":{"ephemeralKeyPair":{"pubKey":"BRMkYIqgyI9o3hVt8PI1d4zr7PsAVa5t68OruyrV2TsK","privKey":"yA8pi1X1wdFrM2OxqLQ9r0y5FD4g56f5SGyF+d0LVl0="},"lastRemoteEphemeralKey":"BffP26XOvCUAjZvxTE6IiEY+ClLJ1iCA5gLiZ9QwrW1s","previousCounter":0,"rootKey":"LkYJ/nnHDFeXuZ5/lqasMgyWAcOZzuxYhYDcvTdmMm4="},"indexInfo":{"baseKey":"BaOexwwNRnhS7OuYBnPaIpWFB+9yDFuExtLuXyIOBqF7","baseKeyType":1,"closed":-1,"used":1738501657608,"created":1738501657608,"remoteIdentityKey":"BULFppNtXbPlFxyzG7EbUNFGBv+84U8SRIOKHdErk6UL"},"_chains":{"BRMkYIqgyI9o3hVt8PI1d4zr7PsAVa5t68OruyrV2TsK":{"chainKey":{"counter":0,"key":"1bHZbqg0oD9MQoqAdobQd1IN9w2hbFIKlA2V0o3YVfQ="},"chainType":1,"messageKeys":{}}},"pendingPreKey":{"signedKeyId":12309621,"baseKey":"BaOexwwNRnhS7OuYBnPaIpWFB+9yDFuExtLuXyIOBqF7","preKeyId":1505}}},"version":"v1"}