{"_sessions":{"BeWpxcSH8YSc7uirRFuuFI3pxigASD1DWA1jluvq4vYt":{"registrationId":1454453195,"currentRatchet":{"ephemeralKeyPair":{"pubKey":"BZBlQACqJlzje35+qozb1++bHK5y+F5j8usB/I6JG4F3","privKey":"IN9m15dpqHgiWbPMfzj+8CHDwLbEadBjOJMtRzAsjHk="},"lastRemoteEphemeralKey":"BVpMqmWKZ2tb78VIUpRS/MSroPznUaNFRKObOuqsjTkG","previousCounter":0,"rootKey":"o4McZ2VJ8IDZZv6SmEi59jM+kblg2UpNu63GAcBNQqY="},"indexInfo":{"baseKey":"BeWpxcSH8YSc7uirRFuuFI3pxigASD1DWA1jluvq4vYt","baseKeyType":1,"closed":-1,"used":1738620605217,"created":1738501653957,"remoteIdentityKey":"BZOjU+Z0n+l6/jfRbA7Pd8F3f4Fn0KYxklcxoUOx7JRr"},"_chains":{"BVpMqmWKZ2tb78VIUpRS/MSroPznUaNFRKObOuqsjTkG":{"chainKey":{"counter":0,"key":"zFLyDvffoMalhOQt6tV3954hAxftC4Eh3dF2egmyzSc="},"chainType":2,"messageKeys":{}},"BZBlQACqJlzje35+qozb1++bHK5y+F5j8usB/I6JG4F3":{"chainKey":{"counter":-1,"key":"9dFZKPxMGDRjSY2ZSNe4SU8GzJ0JZgJ7H0CdWtLS46Y="},"chainType":1,"messageKeys":{}}}}},"version":"v1"}