{"_sessions":{"BV4J409AW+xzyQh/VRJ1QRFa3T1sv3UoGpGhWRNU/HYk":{"registrationId":1928941180,"currentRatchet":{"ephemeralKeyPair":{"pubKey":"BXhivZ3D0//Rkn145HqnQ+q9fBxf6AzAH1JtUfpfKkYP","privKey":"eESJsCBz+KDk/xjDtXEkVv1OGJuHXH9H22ukoNAjikw="},"lastRemoteEphemeralKey":"BRy/sy3UnBBfLv96AOHPGmwxRpVIp3wz2l+9W374CsUw","previousCounter":0,"rootKey":"qPXSwqWjYHpf76mQiaKe6pXiq6MbMvHIZUQC/P0M63s="},"indexInfo":{"baseKey":"BV4J409AW+xzyQh/VRJ1QRFa3T1sv3UoGpGhWRNU/HYk","baseKeyType":1,"closed":1738500826856,"used":1738500825528,"created":1738500825528,"remoteIdentityKey":"BRHsOr6Y8bvwy7ATkmP2m6X0knP/ng9hY4/WydPVdJwQ"},"_chains":{"BXhivZ3D0//Rkn145HqnQ+q9fBxf6AzAH1JtUfpfKkYP":{"chainKey":{"counter":-1,"key":"VFOJCdx1RYUq9VVk1YengbCn4B/rOvSg9oBJj2zyktM="},"chainType":1,"messageKeys":{}}},"pendingPreKey":{"signedKeyId":10,"baseKey":"BV4J409AW+xzyQh/VRJ1QRFa3T1sv3UoGpGhWRNU/HYk","preKeyId":4164643}},"BS8smU7Cwh2YDi5CTZjtvGgqlcZnVbtubM9WrkMET1Nj":{"registrationId":1928941180,"currentRatchet":{"ephemeralKeyPair":{"pubKey":"BY4TcMSW5zhzqtfOsOghVH+uqvk68cOjjidVUTUnt0g7","privKey":"WLFrS80Cvv+yXgNGRNH3le4SCmLI7Vo5IS1MNGSjq30="},"lastRemoteEphemeralKey":"BRy/sy3UnBBfLv96AOHPGmwxRpVIp3wz2l+9W374CsUw","previousCounter":0,"rootKey":"QGRos+dI2PnfEDHTPUaaKYcvmFroJTpDk3cs+BpGM9s="},"indexInfo":{"baseKey":"BS8smU7Cwh2YDi5CTZjtvGgqlcZnVbtubM9WrkMET1Nj","baseKeyType":1,"closed":-1,"used":1738500826855,"created":1738500826855,"remoteIdentityKey":"BRHsOr6Y8bvwy7ATkmP2m6X0knP/ng9hY4/WydPVdJwQ"},"_chains":{"BY4TcMSW5zhzqtfOsOghVH+uqvk68cOjjidVUTUnt0g7":{"chainKey":{"counter":1,"key":"iOnOmx0Db6j0TZ+02x/mnrngQbHypKHvoZ9FgNT88fQ="},"chainType":1,"messageKeys":{}}},"pendingPreKey":{"signedKeyId":10,"baseKey":"BS8smU7Cwh2YDi5CTZjtvGgqlcZnVbtubM9WrkMET1Nj","preKeyId":4163937}}},"version":"v1"}