{"_sessions":{"BRIenoI2/IzDb3ZfPNtBPLGVjlNJmQvqNMWuoR0ntbgR":{"registrationId":1108919109,"currentRatchet":{"ephemeralKeyPair":{"pubKey":"BdqZ9C4IuHk5saUWt4YST1kOSbH9f63mb9/DIMDhimdR","privKey":"cF0XSKEJmE7BWRYG3PXxowC+NQ/Em2bMNqsgsOgsoGw="},"lastRemoteEphemeralKey":"BVDzraZfb84SVBQa2T7v1pKxMidZ+p3G1lvS/iebBo0t","previousCounter":0,"rootKey":"EuHW7h0jN0gMCHVsY+zkekmQvupfPz4iOftFbPIQr3A="},"indexInfo":{"baseKey":"BRIenoI2/IzDb3ZfPNtBPLGVjlNJmQvqNMWuoR0ntbgR","baseKeyType":1,"closed":-1,"used":1738507892144,"created":1738507892144,"remoteIdentityKey":"BYkgybEL8KLcxkYn7jbzK6oaFa0Rf69ydMaZlTnkMooS"},"_chains":{"BdqZ9C4IuHk5saUWt4YST1kOSbH9f63mb9/DIMDhimdR":{"chainKey":{"counter":0,"key":"Pi/z5k8v9ufAhqPnqP7uTG4r5KKbK6s5/HAr2vgr6M8="},"chainType":1,"messageKeys":{}}},"pendingPreKey":{"signedKeyId":7,"baseKey":"BRIenoI2/IzDb3ZfPNtBPLGVjlNJmQvqNMWuoR0ntbgR","preKeyId":8167126}}},"version":"v1"}