{"_sessions":{"BW0iDhyXp1NSCwleXtop5sR1lT/DKZuOdmnQlKUJ+rFh":{"registrationId":933592881,"currentRatchet":{"ephemeralKeyPair":{"pubKey":"Banw1qwf3ituTWag8dJo6hw/pFqpVCrIJYJzdOdYacBt","privKey":"8HD1Nehh/+pIth7MlIqJg3anqUBYMPjE4PXx/9Zcz3A="},"lastRemoteEphemeralKey":"BfJnb8V+M/CdYYuTzFsiSGTADAsF6ZfAMlxUHBBzEwJm","previousCounter":0,"rootKey":"bqArcOFFTl/c4GETHQlZ+AwDHueJM4+vMakHKP8YokU="},"indexInfo":{"baseKey":"BW0iDhyXp1NSCwleXtop5sR1lT/DKZuOdmnQlKUJ+rFh","baseKeyType":1,"closed":-1,"used":1738507892259,"created":1738507892259,"remoteIdentityKey":"BRjBTUObzmglNvn7BFKS2nvHN+7//3X3qMl4wFFH4T4f"},"_chains":{"Banw1qwf3ituTWag8dJo6hw/pFqpVCrIJYJzdOdYacBt":{"chainKey":{"counter":0,"key":"LxNyLSPTwBIv+hQkmhYZH94UUXaPSeitiPaiTRTCi7Y="},"chainType":1,"messageKeys":{}}},"pendingPreKey":{"signedKeyId":0,"baseKey":"BW0iDhyXp1NSCwleXtop5sR1lT/DKZuOdmnQlKUJ+rFh"}}},"version":"v1"}