{"_sessions":{"BU7yecTqv4Nl1hBafrHXfECMQoIFDUQYyJGri/5cQdM9":{"registrationId":1689056275,"currentRatchet":{"ephemeralKeyPair":{"pubKey":"BUAVmfW8UjsTYv5kAmQRZjx/sYFMj3JmJ3tdaprK+5NY","privKey":"2HVjncdiyEjLPaib6XDxhPgTuysV/YnKYvcJesvoUGw="},"lastRemoteEphemeralKey":"BZLkwQQs9qaYjbtLN9XqgP+B2kjdkKYYfbAH4pjK5fty","previousCounter":0,"rootKey":"v7vqeCQaSav3X0U4pbPa5kOdIv3Z9PO1lNN/XZfxHD8="},"indexInfo":{"baseKey":"BU7yecTqv4Nl1hBafrHXfECMQoIFDUQYyJGri/5cQdM9","baseKeyType":1,"closed":1738500827614,"used":1738500825668,"created":1738500825668,"remoteIdentityKey":"BdCFaVSTLHqQKOKF2IgWWIh4iNciGMwl0ErTLn9p3wNQ"},"_chains":{"BUAVmfW8UjsTYv5kAmQRZjx/sYFMj3JmJ3tdaprK+5NY":{"chainKey":{"counter":-1,"key":"Q5CuSQJS3tXmy2Wh0TBjXjKffang07WGrvqQ+iZn12c="},"chainType":1,"messageKeys":{}}},"pendingPreKey":{"signedKeyId":11,"baseKey":"BU7yecTqv4Nl1hBafrHXfECMQoIFDUQYyJGri/5cQdM9","preKeyId":1951739}},"BVkyGrgE2/5FnZg+mgaiB0veXWQ/QJcTYaC9wFmBRyAL":{"registrationId":1689056275,"currentRatchet":{"ephemeralKeyPair":{"pubKey":"BRI/V/CE6P0MArHBVz9TLJZtuO3ox1LOPM+Z/rjZ2zJw","privKey":"oB7Pr+hUr1CvKiIHwp5Bn2zoShBDDh2H/bfov3uKanw="},"lastRemoteEphemeralKey":"BWed+s1yY07OsALmQq7QoAjb6EdsK4QxqOBJTCspDppt","previousCounter":1,"rootKey":"RAztXdlKg5weQeUYF3irOQGQFlJvwQPEVPzk5w6kc08="},"indexInfo":{"baseKey":"BVkyGrgE2/5FnZg+mgaiB0veXWQ/QJcTYaC9wFmBRyAL","baseKeyType":1,"closed":-1,"used":1738571502740,"created":1738500827612,"remoteIdentityKey":"BdCFaVSTLHqQKOKF2IgWWIh4iNciGMwl0ErTLn9p3wNQ"},"_chains":{"BWed+s1yY07OsALmQq7QoAjb6EdsK4QxqOBJTCspDppt":{"chainKey":{"counter":0,"key":"f8lyv82Uiw3VsGGDf1JuMGtEvXm7A/JfQhZW0qXBh1E="},"chainType":2,"messageKeys":{}},"BRI/V/CE6P0MArHBVz9TLJZtuO3ox1LOPM+Z/rjZ2zJw":{"chainKey":{"counter":-1,"key":"aM3dckiB6sx2HNAanzgphFVztlLHUxhApltAqFIsDQo="},"chainType":1,"messageKeys":{}}}}},"version":"v1"}