{"_sessions":{"BSK6bxB7alysfi0hQ/DC4S9Cux4JBBrN3gS1aX1Ksm9P":{"registrationId":800542377,"currentRatchet":{"ephemeralKeyPair":{"pubKey":"BWdijAnYDqnB1PdTnNEz0agduspcoWDvglbHeILbN6sj","privKey":"6Bq6BZCIem9Fel2s4qYuXSnd12vVFiKzO1OZ2ssA22g="},"lastRemoteEphemeralKey":"BQjjj2SPHw14jg/oonlXS5pc+GwOHd/zGvgNXC7vZuBM","previousCounter":0,"rootKey":"Z3xox3vAT0RbfrZOQ0uDdGEcMivkeL3kRNJCmZn6AZ8="},"indexInfo":{"baseKey":"BSK6bxB7alysfi0hQ/DC4S9Cux4JBBrN3gS1aX1Ksm9P","baseKeyType":1,"closed":-1,"used":1738571492435,"created":1738501652018,"remoteIdentityKey":"BQ7YWd8vx082dSR0DEjV2M5Lo5EZzVdshOAvHKnux/hR"},"_chains":{"BQjjj2SPHw14jg/oonlXS5pc+GwOHd/zGvgNXC7vZuBM":{"chainKey":{"counter":0,"key":"yF1+1N+2NNeJ9+AU21DnPcPbmzEztigOyZN8mWj8DFU="},"chainType":2,"messageKeys":{}},"BWdijAnYDqnB1PdTnNEz0agduspcoWDvglbHeILbN6sj":{"chainKey":{"counter":-1,"key":"VAudYwrg1lNEtMGlUU4iZNadd0mTdQ3DHMfHETvfGCc="},"chainType":1,"messageKeys":{}}}}},"version":"v1"}