{"_sessions":{"Ba2XW80k1FZbwXi9kJlcyb6Ce5Uh7ghTkOVDG7DKnCJT":{"registrationId":677626587,"currentRatchet":{"ephemeralKeyPair":{"pubKey":"BfoRKEX+6bV0J0/vHZkoSLPZXe+RXwQGW/eIC/nwjI0N","privKey":"GD1W6K86G9Z8EIZYCul5a/UhTkkLBUDqFKA6rpcdYn8="},"lastRemoteEphemeralKey":"BVyNzS1fTM8qqb0dLbMF4vyS8C46seE8akWo35IJSDYn","previousCounter":0,"rootKey":"Nnrm17uZmIttvkKQNvPM38qUgtdwWJOjOoI1k3xshXs="},"indexInfo":{"baseKey":"Ba2XW80k1FZbwXi9kJlcyb6Ce5Uh7ghTkOVDG7DKnCJT","baseKeyType":1,"closed":-1,"used":1738623561912,"created":1738501652041,"remoteIdentityKey":"BTlE1DqU0NvjJDsqWtHGNuC9Nya2chce9KJz0+LP8n5u"},"_chains":{"BVyNzS1fTM8qqb0dLbMF4vyS8C46seE8akWo35IJSDYn":{"chainKey":{"counter":0,"key":"KN1PwmErTo1jrqfcXZCt9JBFOudm+dCxdQ7zqBdzYXY="},"chainType":2,"messageKeys":{}},"BfoRKEX+6bV0J0/vHZkoSLPZXe+RXwQGW/eIC/nwjI0N":{"chainKey":{"counter":-1,"key":"UiwNNZ7WnxUVT9k8BUxsiCv860Tq5mBl8iMw0DzYBnY="},"chainType":1,"messageKeys":{}}}}},"version":"v1"}