{"_sessions":{"BSzUu1cDGBv55g3MavhC6gODMIpk+ag1q4o978unVNx6":{"registrationId":118617469,"currentRatchet":{"ephemeralKeyPair":{"pubKey":"BR+wnijT8KSnNoN+xsUvqs5Djh/D0fj5BVawQsmycDlx","privKey":"MC7Avv0oXGaIto25GVDpzacf1MHsBKtBEWWkZnw04FQ="},"lastRemoteEphemeralKey":"Bc+uH9eQFZq1cnk0rDZoks8ds/DlOw5xwr8p4q3id0NA","previousCounter":0,"rootKey":"SyqdmsGikSRKmiALoocoBkl0ZnqXUycLeXF+mrikydg="},"indexInfo":{"baseKey":"BSzUu1cDGBv55g3MavhC6gODMIpk+ag1q4o978unVNx6","baseKeyType":1,"closed":1738500826807,"used":1738500825513,"created":1738500825513,"remoteIdentityKey":"BbiDUixx6DsIqDIS/yf63VXrJf0VA07wNZ9fICugV/A1"},"_chains":{"BR+wnijT8KSnNoN+xsUvqs5Djh/D0fj5BVawQsmycDlx":{"chainKey":{"counter":-1,"key":"6hsB4fcQSPvVhsanNYh5OYH+ihAS1qt/CnjKUFyxzFk="},"chainType":1,"messageKeys":{}}},"pendingPreKey":{"signedKeyId":0,"baseKey":"BSzUu1cDGBv55g3MavhC6gODMIpk+ag1q4o978unVNx6","preKeyId":16428197}},"BfflsbmUrCMDhQN4YuyQaE+WEvnQ/7EibAZEQEvYpAUL":{"registrationId":118617469,"currentRatchet":{"ephemeralKeyPair":{"pubKey":"BUkvwOLae857WoxAsTIXt5MIy5FPB907kgOL6EzPxv5t","privKey":"uJd89afi9YLqfTC6iPz4OytehuHECRQzJocl8Xg3sW8="},"lastRemoteEphemeralKey":"BWYPYf5aM71Gk62Tvgqm9ZGTH+bImHmHJuvU2/M1Wz0s","previousCounter":1,"rootKey":"qKAJhROfps5XVK+BLMfz0C91tJ0K0KriITNbpR31ovw="},"indexInfo":{"baseKey":"BfflsbmUrCMDhQN4YuyQaE+WEvnQ/7EibAZEQEvYpAUL","baseKeyType":1,"closed":-1,"used":1738571493207,"created":1738500826806,"remoteIdentityKey":"BbiDUixx6DsIqDIS/yf63VXrJf0VA07wNZ9fICugV/A1"},"_chains":{"BWYPYf5aM71Gk62Tvgqm9ZGTH+bImHmHJuvU2/M1Wz0s":{"chainKey":{"counter":0,"key":"NSWkQFwcOBJe5LZZk5McyiyTki/lu1Gpsegr7Xw2DWU="},"chainType":2,"messageKeys":{}},"BUkvwOLae857WoxAsTIXt5MIy5FPB907kgOL6EzPxv5t":{"chainKey":{"counter":-1,"key":"omoRCfZjJbRRoffupCOc3hsWQ4XhXLyU7TKWfkOOMSU="},"chainType":1,"messageKeys":{}}}}},"version":"v1"}