{"_sessions":{"BdFw7vvnGGJyPOCkMjf10MKnzCJSoUDZznKDPhMa3dxo":{"registrationId":34321316,"currentRatchet":{"ephemeralKeyPair":{"pubKey":"BUgLc6GbSGFLbTJtcR/azlNHvGW6muYylHN+ZmMoHKtA","privKey":"aL5CG8dZvO5QA6cy6QhQ2UFDgVL25TdKA701JjXixWY="},"lastRemoteEphemeralKey":"BXb2gDRUV9rNZw45v1xfAFyFnEdIPeiXgaSyYHXFIfwJ","previousCounter":0,"rootKey":"VWPnzTuJ16WOdaDB8G2HTez4LyqvbRBSt2XmYsEQojw="},"indexInfo":{"baseKey":"BdFw7vvnGGJyPOCkMjf10MKnzCJSoUDZznKDPhMa3dxo","baseKeyType":1,"closed":-1,"used":1738623978738,"created":1738501656421,"remoteIdentityKey":"BbSARZ2SXJ6gtiAiccJ4YQCapq5Q8EWJ3bgXFz59l1Np"},"_chains":{"BXb2gDRUV9rNZw45v1xfAFyFnEdIPeiXgaSyYHXFIfwJ":{"chainKey":{"counter":1,"key":"K615enXC6Ton817/H0rbwq4+KuOiftNE4QPL39e6da0="},"chainType":2,"messageKeys":{}},"BUgLc6GbSGFLbTJtcR/azlNHvGW6muYylHN+ZmMoHKtA":{"chainKey":{"counter":-1,"key":"2JitYsVsz7ASHt8zacmGsIuW9vFskVine0hM8H6J0Ww="},"chainType":1,"messageKeys":{}}}}},"version":"v1"}