{"_sessions":{"BXGQiNDR8UalVQ67pr0m62XGDo/8b3DZhzjc773XpiEr":{"registrationId":1871678031,"currentRatchet":{"ephemeralKeyPair":{"pubKey":"BWElCO8tAyhrxKY+tOvJeSjZvRu/pAEs0buv/EzwxFUs","privKey":"4DfQffOE8b1s47ERtrFF7eyCAhDO4Ar1pKQFsSPx6Gw="},"lastRemoteEphemeralKey":"BXV5ns5NiXTr8qL+7aJ/6CtUuLsMa8uv9EMVcuy/XiBa","previousCounter":0,"rootKey":"MD03olzj0lG6iSpeDf8OU2bi7Pl291aKh0qJECYkM4w="},"indexInfo":{"baseKey":"BXGQiNDR8UalVQ67pr0m62XGDo/8b3DZhzjc773XpiEr","baseKeyType":1,"closed":-1,"used":1738501651771,"created":1738501651771,"remoteIdentityKey":"BXwEABWTTWSTNTQPyE975c45qWT1HhIhfkp62kPilKkT"},"_chains":{"BWElCO8tAyhrxKY+tOvJeSjZvRu/pAEs0buv/EzwxFUs":{"chainKey":{"counter":0,"key":"LvB09Z7j9Sf6Gt0F1QHF8GlDLZ4P66+4o50GRj7cyyE="},"chainType":1,"messageKeys":{}}},"pendingPreKey":{"signedKeyId":147,"baseKey":"BXGQiNDR8UalVQ67pr0m62XGDo/8b3DZhzjc773XpiEr"}}},"version":"v1"}